/*
 Navicat Premium Dump SQL

 Source Server         : mysql-local-podman
 Source Server Type    : MySQL
 Source Server Version : 80042 (8.0.42)
 Source Host           : 127.0.0.1:3306
 Source Schema         : quantflow_db

 Target Server Type    : MySQL
 Target Server Version : 80042 (8.0.42)
 File Encoding         : 65001

 Date: 01/11/2025 19:37:49
*/

SET NAMES utf8mb4;
SET FOREIGN_KEY_CHECKS = 0;

-- ----------------------------
-- Table structure for gen_table
-- ----------------------------
DROP TABLE IF EXISTS `gen_table`;
CREATE TABLE `gen_table` (
  `table_id` bigint NOT NULL AUTO_INCREMENT COMMENT '编号',
  `table_name` varchar(200) DEFAULT '' COMMENT '表名称',
  `table_comment` varchar(500) DEFAULT '' COMMENT '表描述',
  `sub_table_name` varchar(64) DEFAULT NULL COMMENT '关联子表的表名',
  `sub_table_fk_name` varchar(64) DEFAULT NULL COMMENT '子表关联的外键名',
  `class_name` varchar(100) DEFAULT '' COMMENT '实体类名称',
  `tpl_category` varchar(200) DEFAULT 'crud' COMMENT '使用的模板（crud单表操作 tree树表操作）',
  `tpl_web_type` varchar(30) DEFAULT '' COMMENT '前端模板类型（element-ui模版 element-plus模版）',
  `package_name` varchar(100) DEFAULT NULL COMMENT '生成包路径',
  `module_name` varchar(30) DEFAULT NULL COMMENT '生成模块名',
  `business_name` varchar(30) DEFAULT NULL COMMENT '生成业务名',
  `function_name` varchar(50) DEFAULT NULL COMMENT '生成功能名',
  `function_author` varchar(50) DEFAULT NULL COMMENT '生成功能作者',
  `gen_type` char(1) DEFAULT '0' COMMENT '生成代码方式（0zip压缩包 1自定义路径）',
  `gen_path` varchar(200) DEFAULT '/' COMMENT '生成路径（不填默认项目路径）',
  `options` varchar(1000) DEFAULT NULL COMMENT '其它生成选项',
  `create_by` varchar(64) DEFAULT '' COMMENT '创建者',
  `create_time` datetime DEFAULT NULL COMMENT '创建时间',
  `update_by` varchar(64) DEFAULT '' COMMENT '更新者',
  `update_time` datetime DEFAULT NULL COMMENT '更新时间',
  `remark` varchar(500) DEFAULT NULL COMMENT '备注',
  PRIMARY KEY (`table_id`)
) ENGINE=InnoDB AUTO_INCREMENT=3 DEFAULT CHARSET=utf8mb4 COLLATE=utf8mb4_0900_ai_ci COMMENT='代码生成业务表';

-- ----------------------------
-- Records of gen_table
-- ----------------------------
BEGIN;
INSERT INTO `gen_table` (`table_id`, `table_name`, `table_comment`, `sub_table_name`, `sub_table_fk_name`, `class_name`, `tpl_category`, `tpl_web_type`, `package_name`, `module_name`, `business_name`, `function_name`, `function_author`, `gen_type`, `gen_path`, `options`, `create_by`, `create_time`, `update_by`, `update_time`, `remark`) VALUES (1, 'qf_account', '交易账户表', NULL, NULL, 'QfAccount', 'crud', 'element-ui', 'com.quantflow.trading.account', 'trading', 'account', '账户', 'quantflow', '0', '/', '{\"parentMenuId\":2000}', 'admin', '2025-10-31 12:24:41', '', '2025-10-31 12:41:11', NULL);
INSERT INTO `gen_table` (`table_id`, `table_name`, `table_comment`, `sub_table_name`, `sub_table_fk_name`, `class_name`, `tpl_category`, `tpl_web_type`, `package_name`, `module_name`, `business_name`, `function_name`, `function_author`, `gen_type`, `gen_path`, `options`, `create_by`, `create_time`, `update_by`, `update_time`, `remark`) VALUES (2, 'qf_strategy', '策略配置表', NULL, NULL, 'Strategy', 'crud', 'element-ui', 'com.quantflow.trading.strategy', 'trading', 'strategy', '策略', 'quantflow', '0', '/', '{\"parentMenuId\":2000}', 'admin', '2025-11-01 13:40:39', '', '2025-11-01 13:46:43', NULL);
COMMIT;

-- ----------------------------
-- Table structure for gen_table_column
-- ----------------------------
DROP TABLE IF EXISTS `gen_table_column`;
CREATE TABLE `gen_table_column` (
  `column_id` bigint NOT NULL AUTO_INCREMENT COMMENT '编号',
  `table_id` bigint DEFAULT NULL COMMENT '归属表编号',
  `column_name` varchar(200) DEFAULT NULL COMMENT '列名称',
  `column_comment` varchar(500) DEFAULT NULL COMMENT '列描述',
  `column_type` varchar(100) DEFAULT NULL COMMENT '列类型',
  `java_type` varchar(500) DEFAULT NULL COMMENT 'JAVA类型',
  `java_field` varchar(200) DEFAULT NULL COMMENT 'JAVA字段名',
  `is_pk` char(1) DEFAULT NULL COMMENT '是否主键（1是）',
  `is_increment` char(1) DEFAULT NULL COMMENT '是否自增（1是）',
  `is_required` char(1) DEFAULT NULL COMMENT '是否必填（1是）',
  `is_insert` char(1) DEFAULT NULL COMMENT '是否为插入字段（1是）',
  `is_edit` char(1) DEFAULT NULL COMMENT '是否编辑字段（1是）',
  `is_list` char(1) DEFAULT NULL COMMENT '是否列表字段（1是）',
  `is_query` char(1) DEFAULT NULL COMMENT '是否查询字段（1是）',
  `query_type` varchar(200) DEFAULT 'EQ' COMMENT '查询方式（等于、不等于、大于、小于、范围）',
  `html_type` varchar(200) DEFAULT NULL COMMENT '显示类型（文本框、文本域、下拉框、复选框、单选框、日期控件）',
  `dict_type` varchar(200) DEFAULT '' COMMENT '字典类型',
  `sort` int DEFAULT NULL COMMENT '排序',
  `create_by` varchar(64) DEFAULT '' COMMENT '创建者',
  `create_time` datetime DEFAULT NULL COMMENT '创建时间',
  `update_by` varchar(64) DEFAULT '' COMMENT '更新者',
  `update_time` datetime DEFAULT NULL COMMENT '更新时间',
  PRIMARY KEY (`column_id`)
) ENGINE=InnoDB AUTO_INCREMENT=31 DEFAULT CHARSET=utf8mb4 COLLATE=utf8mb4_0900_ai_ci COMMENT='代码生成业务表字段';

-- ----------------------------
-- Records of gen_table_column
-- ----------------------------
BEGIN;
INSERT INTO `gen_table_column` (`column_id`, `table_id`, `column_name`, `column_comment`, `column_type`, `java_type`, `java_field`, `is_pk`, `is_increment`, `is_required`, `is_insert`, `is_edit`, `is_list`, `is_query`, `query_type`, `html_type`, `dict_type`, `sort`, `create_by`, `create_time`, `update_by`, `update_time`) VALUES (1, 1, 'id', '账户ID', 'bigint', 'Long', 'id', '1', '1', '0', '0', NULL, NULL, '0', 'EQ', 'input', '', 1, 'admin', '2025-10-31 12:24:41', '', '2025-10-31 12:41:11');
INSERT INTO `gen_table_column` (`column_id`, `table_id`, `column_name`, `column_comment`, `column_type`, `java_type`, `java_field`, `is_pk`, `is_increment`, `is_required`, `is_insert`, `is_edit`, `is_list`, `is_query`, `query_type`, `html_type`, `dict_type`, `sort`, `create_by`, `create_time`, `update_by`, `update_time`) VALUES (2, 1, 'user_id', '用户ID', 'bigint', 'Long', 'userId', '0', '0', '1', '1', '0', '0', '1', 'EQ', 'input', '', 2, 'admin', '2025-10-31 12:24:41', '', '2025-10-31 12:41:11');
INSERT INTO `gen_table_column` (`column_id`, `table_id`, `column_name`, `column_comment`, `column_type`, `java_type`, `java_field`, `is_pk`, `is_increment`, `is_required`, `is_insert`, `is_edit`, `is_list`, `is_query`, `query_type`, `html_type`, `dict_type`, `sort`, `create_by`, `create_time`, `update_by`, `update_time`) VALUES (3, 1, 'account_name', '账户名称', 'varchar(100)', 'String', 'accountName', '0', '0', '1', '1', '1', '1', '1', 'LIKE', 'input', '', 3, 'admin', '2025-10-31 12:24:41', '', '2025-10-31 12:41:11');
INSERT INTO `gen_table_column` (`column_id`, `table_id`, `column_name`, `column_comment`, `column_type`, `java_type`, `java_field`, `is_pk`, `is_increment`, `is_required`, `is_insert`, `is_edit`, `is_list`, `is_query`, `query_type`, `html_type`, `dict_type`, `sort`, `create_by`, `create_time`, `update_by`, `update_time`) VALUES (4, 1, 'exchange', '交易所', 'varchar(50)', 'String', 'exchange', '0', '0', '1', '1', '1', '1', '1', 'EQ', 'select', 'qf_exchange_type', 4, 'admin', '2025-10-31 12:24:41', '', '2025-10-31 12:41:11');
INSERT INTO `gen_table_column` (`column_id`, `table_id`, `column_name`, `column_comment`, `column_type`, `java_type`, `java_field`, `is_pk`, `is_increment`, `is_required`, `is_insert`, `is_edit`, `is_list`, `is_query`, `query_type`, `html_type`, `dict_type`, `sort`, `create_by`, `create_time`, `update_by`, `update_time`) VALUES (5, 1, 'api_key', 'API Key', 'varchar(500)', 'String', 'apiKey', '0', '0', '1', '1', '1', '0', '0', 'EQ', 'textarea', '', 5, 'admin', '2025-10-31 12:24:41', '', '2025-10-31 12:41:11');
INSERT INTO `gen_table_column` (`column_id`, `table_id`, `column_name`, `column_comment`, `column_type`, `java_type`, `java_field`, `is_pk`, `is_increment`, `is_required`, `is_insert`, `is_edit`, `is_list`, `is_query`, `query_type`, `html_type`, `dict_type`, `sort`, `create_by`, `create_time`, `update_by`, `update_time`) VALUES (6, 1, 'api_secret', 'API Secret', 'varchar(500)', 'String', 'apiSecret', '0', '0', '0', '1', '1', '0', '0', 'EQ', 'textarea', '', 6, 'admin', '2025-10-31 12:24:41', '', '2025-10-31 12:41:11');
INSERT INTO `gen_table_column` (`column_id`, `table_id`, `column_name`, `column_comment`, `column_type`, `java_type`, `java_field`, `is_pk`, `is_increment`, `is_required`, `is_insert`, `is_edit`, `is_list`, `is_query`, `query_type`, `html_type`, `dict_type`, `sort`, `create_by`, `create_time`, `update_by`, `update_time`) VALUES (7, 1, 'passphrase', 'Passphrase', 'varchar(500)', 'String', 'passphrase', '0', '0', '0', '1', '1', '0', '0', 'EQ', 'textarea', '', 7, 'admin', '2025-10-31 12:24:41', '', '2025-10-31 12:41:11');
INSERT INTO `gen_table_column` (`column_id`, `table_id`, `column_name`, `column_comment`, `column_type`, `java_type`, `java_field`, `is_pk`, `is_increment`, `is_required`, `is_insert`, `is_edit`, `is_list`, `is_query`, `query_type`, `html_type`, `dict_type`, `sort`, `create_by`, `create_time`, `update_by`, `update_time`) VALUES (8, 1, 'is_testnet', '是否测试网：0否 1是', 'tinyint(1)', 'Integer', 'isTestnet', '0', '0', '0', '1', '1', '1', '1', 'EQ', 'radio', 'sys_yes_no', 8, 'admin', '2025-10-31 12:24:41', '', '2025-10-31 12:41:11');
INSERT INTO `gen_table_column` (`column_id`, `table_id`, `column_name`, `column_comment`, `column_type`, `java_type`, `java_field`, `is_pk`, `is_increment`, `is_required`, `is_insert`, `is_edit`, `is_list`, `is_query`, `query_type`, `html_type`, `dict_type`, `sort`, `create_by`, `create_time`, `update_by`, `update_time`) VALUES (9, 1, 'status', '状态：0禁用 1启用', 'tinyint(1)', 'Integer', 'status', '0', '0', '0', '1', '1', '1', '1', 'EQ', 'radio', 'sys_normal_disable', 9, 'admin', '2025-10-31 12:24:41', '', '2025-10-31 12:41:11');
INSERT INTO `gen_table_column` (`column_id`, `table_id`, `column_name`, `column_comment`, `column_type`, `java_type`, `java_field`, `is_pk`, `is_increment`, `is_required`, `is_insert`, `is_edit`, `is_list`, `is_query`, `query_type`, `html_type`, `dict_type`, `sort`, `create_by`, `create_time`, `update_by`, `update_time`) VALUES (10, 1, 'create_by', '创建者', 'varchar(64)', 'String', 'createBy', '0', '0', '0', '0', NULL, NULL, NULL, 'EQ', 'input', '', 10, 'admin', '2025-10-31 12:24:41', '', '2025-10-31 12:41:11');
INSERT INTO `gen_table_column` (`column_id`, `table_id`, `column_name`, `column_comment`, `column_type`, `java_type`, `java_field`, `is_pk`, `is_increment`, `is_required`, `is_insert`, `is_edit`, `is_list`, `is_query`, `query_type`, `html_type`, `dict_type`, `sort`, `create_by`, `create_time`, `update_by`, `update_time`) VALUES (11, 1, 'create_time', '创建时间', 'datetime', 'Date', 'createTime', '0', '0', '0', '0', NULL, NULL, NULL, 'EQ', 'datetime', '', 11, 'admin', '2025-10-31 12:24:41', '', '2025-10-31 12:41:11');
INSERT INTO `gen_table_column` (`column_id`, `table_id`, `column_name`, `column_comment`, `column_type`, `java_type`, `java_field`, `is_pk`, `is_increment`, `is_required`, `is_insert`, `is_edit`, `is_list`, `is_query`, `query_type`, `html_type`, `dict_type`, `sort`, `create_by`, `create_time`, `update_by`, `update_time`) VALUES (12, 1, 'update_by', '更新者', 'varchar(64)', 'String', 'updateBy', '0', '0', '0', '0', '0', NULL, NULL, 'EQ', 'input', '', 12, 'admin', '2025-10-31 12:24:41', '', '2025-10-31 12:41:11');
INSERT INTO `gen_table_column` (`column_id`, `table_id`, `column_name`, `column_comment`, `column_type`, `java_type`, `java_field`, `is_pk`, `is_increment`, `is_required`, `is_insert`, `is_edit`, `is_list`, `is_query`, `query_type`, `html_type`, `dict_type`, `sort`, `create_by`, `create_time`, `update_by`, `update_time`) VALUES (13, 1, 'update_time', '更新时间', 'datetime', 'Date', 'updateTime', '0', '0', '0', '0', '0', NULL, NULL, 'EQ', 'datetime', '', 13, 'admin', '2025-10-31 12:24:41', '', '2025-10-31 12:41:11');
INSERT INTO `gen_table_column` (`column_id`, `table_id`, `column_name`, `column_comment`, `column_type`, `java_type`, `java_field`, `is_pk`, `is_increment`, `is_required`, `is_insert`, `is_edit`, `is_list`, `is_query`, `query_type`, `html_type`, `dict_type`, `sort`, `create_by`, `create_time`, `update_by`, `update_time`) VALUES (14, 1, 'remark', '备注', 'varchar(500)', 'String', 'remark', '0', '0', '0', '1', '1', '1', NULL, 'EQ', 'textarea', '', 14, 'admin', '2025-10-31 12:24:41', '', '2025-10-31 12:41:11');
INSERT INTO `gen_table_column` (`column_id`, `table_id`, `column_name`, `column_comment`, `column_type`, `java_type`, `java_field`, `is_pk`, `is_increment`, `is_required`, `is_insert`, `is_edit`, `is_list`, `is_query`, `query_type`, `html_type`, `dict_type`, `sort`, `create_by`, `create_time`, `update_by`, `update_time`) VALUES (15, 2, 'id', '策略ID', 'bigint', 'Long', 'id', '1', '1', '0', '0', NULL, '1', NULL, 'EQ', 'input', '', 1, 'admin', '2025-11-01 13:40:39', '', '2025-11-01 13:46:43');
INSERT INTO `gen_table_column` (`column_id`, `table_id`, `column_name`, `column_comment`, `column_type`, `java_type`, `java_field`, `is_pk`, `is_increment`, `is_required`, `is_insert`, `is_edit`, `is_list`, `is_query`, `query_type`, `html_type`, `dict_type`, `sort`, `create_by`, `create_time`, `update_by`, `update_time`) VALUES (16, 2, 'name', '策略名称', 'varchar(100)', 'String', 'name', '0', '0', '1', '1', '1', '1', '1', 'LIKE', 'input', '', 2, 'admin', '2025-11-01 13:40:39', '', '2025-11-01 13:46:43');
INSERT INTO `gen_table_column` (`column_id`, `table_id`, `column_name`, `column_comment`, `column_type`, `java_type`, `java_field`, `is_pk`, `is_increment`, `is_required`, `is_insert`, `is_edit`, `is_list`, `is_query`, `query_type`, `html_type`, `dict_type`, `sort`, `create_by`, `create_time`, `update_by`, `update_time`) VALUES (17, 2, 'code', '策略代码', 'varchar(50)', 'String', 'code', '0', '0', '0', '1', '1', '1', '1', 'LIKE', 'input', '', 3, 'admin', '2025-11-01 13:40:39', '', '2025-11-01 13:46:43');
INSERT INTO `gen_table_column` (`column_id`, `table_id`, `column_name`, `column_comment`, `column_type`, `java_type`, `java_field`, `is_pk`, `is_increment`, `is_required`, `is_insert`, `is_edit`, `is_list`, `is_query`, `query_type`, `html_type`, `dict_type`, `sort`, `create_by`, `create_time`, `update_by`, `update_time`) VALUES (18, 2, 'type', '策略类型', 'varchar(50)', 'String', 'type', '0', '0', '0', '1', '1', '1', '1', 'EQ', 'select', '', 4, 'admin', '2025-11-01 13:40:39', '', '2025-11-01 13:46:43');
INSERT INTO `gen_table_column` (`column_id`, `table_id`, `column_name`, `column_comment`, `column_type`, `java_type`, `java_field`, `is_pk`, `is_increment`, `is_required`, `is_insert`, `is_edit`, `is_list`, `is_query`, `query_type`, `html_type`, `dict_type`, `sort`, `create_by`, `create_time`, `update_by`, `update_time`) VALUES (19, 2, 'description', '策略描述', 'text', 'String', 'description', '0', '0', '0', '1', '1', '0', '0', 'EQ', 'textarea', '', 5, 'admin', '2025-11-01 13:40:39', '', '2025-11-01 13:46:43');
INSERT INTO `gen_table_column` (`column_id`, `table_id`, `column_name`, `column_comment`, `column_type`, `java_type`, `java_field`, `is_pk`, `is_increment`, `is_required`, `is_insert`, `is_edit`, `is_list`, `is_query`, `query_type`, `html_type`, `dict_type`, `sort`, `create_by`, `create_time`, `update_by`, `update_time`) VALUES (20, 2, 'account_id', '交易账户ID', 'bigint', 'Long', 'accountId', '0', '0', '1', '1', '1', '1', '1', 'EQ', 'input', '', 6, 'admin', '2025-11-01 13:40:39', '', '2025-11-01 13:46:43');
INSERT INTO `gen_table_column` (`column_id`, `table_id`, `column_name`, `column_comment`, `column_type`, `java_type`, `java_field`, `is_pk`, `is_increment`, `is_required`, `is_insert`, `is_edit`, `is_list`, `is_query`, `query_type`, `html_type`, `dict_type`, `sort`, `create_by`, `create_time`, `update_by`, `update_time`) VALUES (21, 2, 'symbol', '交易对', 'varchar(20)', 'String', 'symbol', '0', '0', '0', '1', '1', '1', '1', 'EQ', 'input', '', 7, 'admin', '2025-11-01 13:40:39', '', '2025-11-01 13:46:43');
INSERT INTO `gen_table_column` (`column_id`, `table_id`, `column_name`, `column_comment`, `column_type`, `java_type`, `java_field`, `is_pk`, `is_increment`, `is_required`, `is_insert`, `is_edit`, `is_list`, `is_query`, `query_type`, `html_type`, `dict_type`, `sort`, `create_by`, `create_time`, `update_by`, `update_time`) VALUES (22, 2, 'interval', 'K线周期', 'varchar(10)', 'String', 'interval', '0', '0', '0', '1', '1', '1', '1', 'EQ', 'input', '', 8, 'admin', '2025-11-01 13:40:39', '', '2025-11-01 13:46:43');
INSERT INTO `gen_table_column` (`column_id`, `table_id`, `column_name`, `column_comment`, `column_type`, `java_type`, `java_field`, `is_pk`, `is_increment`, `is_required`, `is_insert`, `is_edit`, `is_list`, `is_query`, `query_type`, `html_type`, `dict_type`, `sort`, `create_by`, `create_time`, `update_by`, `update_time`) VALUES (23, 2, 'params', '策略参数', 'json', 'String', 'params', '0', '0', '0', '1', '1', '0', '0', 'EQ', 'textarea', '', 9, 'admin', '2025-11-01 13:40:39', '', '2025-11-01 13:46:43');
INSERT INTO `gen_table_column` (`column_id`, `table_id`, `column_name`, `column_comment`, `column_type`, `java_type`, `java_field`, `is_pk`, `is_increment`, `is_required`, `is_insert`, `is_edit`, `is_list`, `is_query`, `query_type`, `html_type`, `dict_type`, `sort`, `create_by`, `create_time`, `update_by`, `update_time`) VALUES (24, 2, 'status', '状态', 'tinyint(1)', 'Integer', 'status', '0', '0', '0', '1', '1', '1', '1', 'EQ', 'radio', 'strategy_status', 10, 'admin', '2025-11-01 13:40:39', '', '2025-11-01 13:46:43');
INSERT INTO `gen_table_column` (`column_id`, `table_id`, `column_name`, `column_comment`, `column_type`, `java_type`, `java_field`, `is_pk`, `is_increment`, `is_required`, `is_insert`, `is_edit`, `is_list`, `is_query`, `query_type`, `html_type`, `dict_type`, `sort`, `create_by`, `create_time`, `update_by`, `update_time`) VALUES (25, 2, 'user_id', '创建用户ID', 'bigint', 'Long', 'userId', '0', '0', '0', '1', '1', '1', '1', 'EQ', 'input', '', 11, 'admin', '2025-11-01 13:40:39', '', '2025-11-01 13:46:43');
INSERT INTO `gen_table_column` (`column_id`, `table_id`, `column_name`, `column_comment`, `column_type`, `java_type`, `java_field`, `is_pk`, `is_increment`, `is_required`, `is_insert`, `is_edit`, `is_list`, `is_query`, `query_type`, `html_type`, `dict_type`, `sort`, `create_by`, `create_time`, `update_by`, `update_time`) VALUES (26, 2, 'create_by', '创建者', 'varchar(64)', 'String', 'createBy', '0', '0', '0', '1', NULL, NULL, NULL, 'EQ', 'input', '', 12, 'admin', '2025-11-01 13:40:39', '', '2025-11-01 13:46:43');
INSERT INTO `gen_table_column` (`column_id`, `table_id`, `column_name`, `column_comment`, `column_type`, `java_type`, `java_field`, `is_pk`, `is_increment`, `is_required`, `is_insert`, `is_edit`, `is_list`, `is_query`, `query_type`, `html_type`, `dict_type`, `sort`, `create_by`, `create_time`, `update_by`, `update_time`) VALUES (27, 2, 'create_time', '创建时间', 'datetime', 'Date', 'createTime', '0', '0', '0', '1', NULL, NULL, NULL, 'EQ', 'datetime', '', 13, 'admin', '2025-11-01 13:40:39', '', '2025-11-01 13:46:43');
INSERT INTO `gen_table_column` (`column_id`, `table_id`, `column_name`, `column_comment`, `column_type`, `java_type`, `java_field`, `is_pk`, `is_increment`, `is_required`, `is_insert`, `is_edit`, `is_list`, `is_query`, `query_type`, `html_type`, `dict_type`, `sort`, `create_by`, `create_time`, `update_by`, `update_time`) VALUES (28, 2, 'update_by', '更新者', 'varchar(64)', 'String', 'updateBy', '0', '0', '0', '1', '1', NULL, NULL, 'EQ', 'input', '', 14, 'admin', '2025-11-01 13:40:39', '', '2025-11-01 13:46:43');
INSERT INTO `gen_table_column` (`column_id`, `table_id`, `column_name`, `column_comment`, `column_type`, `java_type`, `java_field`, `is_pk`, `is_increment`, `is_required`, `is_insert`, `is_edit`, `is_list`, `is_query`, `query_type`, `html_type`, `dict_type`, `sort`, `create_by`, `create_time`, `update_by`, `update_time`) VALUES (29, 2, 'update_time', '更新时间', 'datetime', 'Date', 'updateTime', '0', '0', '0', '1', '1', NULL, NULL, 'EQ', 'datetime', '', 15, 'admin', '2025-11-01 13:40:39', '', '2025-11-01 13:46:43');
INSERT INTO `gen_table_column` (`column_id`, `table_id`, `column_name`, `column_comment`, `column_type`, `java_type`, `java_field`, `is_pk`, `is_increment`, `is_required`, `is_insert`, `is_edit`, `is_list`, `is_query`, `query_type`, `html_type`, `dict_type`, `sort`, `create_by`, `create_time`, `update_by`, `update_time`) VALUES (30, 2, 'remark', '备注', 'varchar(500)', 'String', 'remark', '0', '0', '0', '1', '1', '1', NULL, 'EQ', 'textarea', '', 16, 'admin', '2025-11-01 13:40:39', '', '2025-11-01 13:46:43');
COMMIT;

-- ----------------------------
-- Table structure for qf_account
-- ----------------------------
DROP TABLE IF EXISTS `qf_account`;
CREATE TABLE `qf_account` (
  `id` bigint NOT NULL AUTO_INCREMENT COMMENT '账户ID',
  `user_id` bigint NOT NULL COMMENT '用户ID',
  `account_name` varchar(100) NOT NULL COMMENT '账户名称',
  `exchange` varchar(50) NOT NULL COMMENT '交易所',
  `api_key` varchar(500) DEFAULT NULL COMMENT 'API Key（加密）',
  `api_secret` varchar(500) DEFAULT NULL COMMENT 'API Secret（加密）',
  `passphrase` varchar(500) DEFAULT NULL COMMENT 'Passphrase（加密，某些交易所需要）',
  `is_testnet` tinyint(1) DEFAULT '0' COMMENT '是否测试网：0否 1是',
  `status` tinyint(1) DEFAULT '1' COMMENT '状态：0禁用 1启用',
  `create_by` varchar(64) DEFAULT '' COMMENT '创建者',
  `create_time` datetime DEFAULT CURRENT_TIMESTAMP COMMENT '创建时间',
  `update_by` varchar(64) DEFAULT '' COMMENT '更新者',
  `update_time` datetime DEFAULT CURRENT_TIMESTAMP ON UPDATE CURRENT_TIMESTAMP COMMENT '更新时间',
  `remark` varchar(500) DEFAULT NULL COMMENT '备注',
  PRIMARY KEY (`id`),
  KEY `idx_user_id` (`user_id`),
  KEY `idx_exchange` (`exchange`),
  KEY `idx_status` (`status`)
) ENGINE=InnoDB AUTO_INCREMENT=2 DEFAULT CHARSET=utf8mb4 COLLATE=utf8mb4_0900_ai_ci COMMENT='交易账户表';

-- ----------------------------
-- Records of qf_account
-- ----------------------------
BEGIN;
INSERT INTO `qf_account` (`id`, `user_id`, `account_name`, `exchange`, `api_key`, `api_secret`, `passphrase`, `is_testnet`, `status`, `create_by`, `create_time`, `update_by`, `update_time`, `remark`) VALUES (1, 1, '币安测试账户', 'binance', 'bCzdHKBCinCbsQoRQ0+2Xg==', 'F57ouVEuAHg4Hsy0gfcLQw==', 'UaOQLp8SgPGuPfrYdZleSw==', 1, 1, 'admin', '2025-10-31 12:18:20', '', '2025-10-31 12:18:20', '用于测试的币安账户');
COMMIT;

-- ----------------------------
-- Table structure for qf_asset_snapshot
-- ----------------------------
DROP TABLE IF EXISTS `qf_asset_snapshot`;
CREATE TABLE `qf_asset_snapshot` (
  `id` bigint NOT NULL AUTO_INCREMENT COMMENT '快照ID',
  `account_id` bigint NOT NULL COMMENT '账户ID',
  `total_balance` decimal(20,8) DEFAULT '0.00000000' COMMENT '总资产',
  `available_balance` decimal(20,8) DEFAULT '0.00000000' COMMENT '可用余额',
  `frozen_balance` decimal(20,8) DEFAULT '0.00000000' COMMENT '冻结金额',
  `position_value` decimal(20,8) DEFAULT '0.00000000' COMMENT '持仓市值',
  `total_pnl` decimal(20,8) DEFAULT '0.00000000' COMMENT '总盈亏',
  `daily_pnl` decimal(20,8) DEFAULT '0.00000000' COMMENT '当日盈亏',
  `snapshot_time` datetime NOT NULL COMMENT '快照时间',
  `create_time` datetime DEFAULT CURRENT_TIMESTAMP COMMENT '创建时间',
  PRIMARY KEY (`id`),
  KEY `idx_account_id` (`account_id`),
  KEY `idx_snapshot_time` (`snapshot_time`)
) ENGINE=InnoDB DEFAULT CHARSET=utf8mb4 COLLATE=utf8mb4_0900_ai_ci COMMENT='资产快照表';

-- ----------------------------
-- Records of qf_asset_snapshot
-- ----------------------------
BEGIN;
COMMIT;

-- ----------------------------
-- Table structure for qf_backtest
-- ----------------------------
DROP TABLE IF EXISTS `qf_backtest`;
CREATE TABLE `qf_backtest` (
  `id` bigint NOT NULL AUTO_INCREMENT COMMENT '任务ID',
  `name` varchar(100) NOT NULL COMMENT '任务名称',
  `strategy_id` bigint NOT NULL COMMENT '策略ID',
  `symbol` varchar(20) NOT NULL COMMENT '交易对',
  `interval` varchar(10) NOT NULL COMMENT 'K线周期',
  `start_date` date NOT NULL COMMENT '回测开始日期',
  `end_date` date NOT NULL COMMENT '回测结束日期',
  `initial_capital` decimal(20,8) NOT NULL COMMENT '初始资金',
  `commission_rate` decimal(5,4) DEFAULT NULL COMMENT '手续费率',
  `slippage_rate` decimal(5,4) DEFAULT NULL COMMENT '滑点率',
  `status` varchar(20) NOT NULL COMMENT '状态：PENDING/RUNNING/COMPLETED/FAILED',
  `result` json DEFAULT NULL COMMENT '回测结果（JSON）',
  `total_return` decimal(10,4) DEFAULT NULL COMMENT '总收益率',
  `annual_return` decimal(10,4) DEFAULT NULL COMMENT '年化收益率',
  `max_drawdown` decimal(10,4) DEFAULT NULL COMMENT '最大回撤',
  `sharpe_ratio` decimal(10,4) DEFAULT NULL COMMENT '夏普比率',
  `win_rate` decimal(5,2) DEFAULT NULL COMMENT '胜率',
  `trade_count` int DEFAULT NULL COMMENT '交易次数',
  `error_msg` text COMMENT '错误信息',
  `create_by` varchar(64) DEFAULT '' COMMENT '创建者',
  `create_time` datetime DEFAULT CURRENT_TIMESTAMP COMMENT '创建时间',
  `complete_time` datetime DEFAULT NULL COMMENT '完成时间',
  PRIMARY KEY (`id`),
  KEY `idx_strategy_id` (`strategy_id`),
  KEY `idx_status` (`status`),
  KEY `idx_create_time` (`create_time`)
) ENGINE=InnoDB DEFAULT CHARSET=utf8mb4 COLLATE=utf8mb4_0900_ai_ci COMMENT='回测任务表';

-- ----------------------------
-- Records of qf_backtest
-- ----------------------------
BEGIN;
COMMIT;

-- ----------------------------
-- Table structure for qf_order
-- ----------------------------
DROP TABLE IF EXISTS `qf_order`;
CREATE TABLE `qf_order` (
  `id` bigint NOT NULL AUTO_INCREMENT COMMENT '订单ID',
  `order_no` varchar(50) NOT NULL COMMENT '订单号',
  `strategy_id` bigint DEFAULT NULL COMMENT '策略ID',
  `account_id` bigint NOT NULL COMMENT '账户ID',
  `symbol` varchar(20) NOT NULL COMMENT '交易对',
  `side` varchar(10) NOT NULL COMMENT '方向：BUY/SELL',
  `type` varchar(20) NOT NULL COMMENT '类型：MARKET/LIMIT',
  `price` decimal(20,8) DEFAULT NULL COMMENT '价格',
  `quantity` decimal(20,8) NOT NULL COMMENT '数量',
  `filled_qty` decimal(20,8) DEFAULT '0.00000000' COMMENT '成交数量',
  `avg_price` decimal(20,8) DEFAULT NULL COMMENT '成交均价',
  `amount` decimal(20,8) DEFAULT NULL COMMENT '金额',
  `commission` decimal(20,8) DEFAULT NULL COMMENT '手续费',
  `status` varchar(20) NOT NULL COMMENT '状态',
  `exchange_order_id` varchar(100) DEFAULT NULL COMMENT '交易所订单ID',
  `error_msg` text COMMENT '错误信息',
  `create_by` varchar(64) DEFAULT '' COMMENT '创建者',
  `create_time` datetime DEFAULT CURRENT_TIMESTAMP COMMENT '创建时间',
  `update_by` varchar(64) DEFAULT '' COMMENT '更新者',
  `update_time` datetime DEFAULT CURRENT_TIMESTAMP ON UPDATE CURRENT_TIMESTAMP COMMENT '更新时间',
  PRIMARY KEY (`id`),
  UNIQUE KEY `uk_order_no` (`order_no`),
  KEY `idx_strategy_id` (`strategy_id`),
  KEY `idx_account_id` (`account_id`),
  KEY `idx_symbol` (`symbol`),
  KEY `idx_status` (`status`),
  KEY `idx_create_time` (`create_time`)
) ENGINE=InnoDB DEFAULT CHARSET=utf8mb4 COLLATE=utf8mb4_0900_ai_ci COMMENT='订单表';

-- ----------------------------
-- Records of qf_order
-- ----------------------------
BEGIN;
COMMIT;

-- ----------------------------
-- Table structure for qf_position
-- ----------------------------
DROP TABLE IF EXISTS `qf_position`;
CREATE TABLE `qf_position` (
  `id` bigint NOT NULL AUTO_INCREMENT COMMENT '持仓ID',
  `account_id` bigint NOT NULL COMMENT '账户ID',
  `symbol` varchar(20) NOT NULL COMMENT '交易对',
  `quantity` decimal(20,8) NOT NULL DEFAULT '0.00000000' COMMENT '持仓数量',
  `available_qty` decimal(20,8) NOT NULL DEFAULT '0.00000000' COMMENT '可用数量',
  `frozen_qty` decimal(20,8) DEFAULT '0.00000000' COMMENT '冻结数量',
  `avg_price` decimal(20,8) NOT NULL DEFAULT '0.00000000' COMMENT '平均成本价',
  `current_price` decimal(20,8) DEFAULT '0.00000000' COMMENT '当前价格',
  `market_value` decimal(20,8) DEFAULT '0.00000000' COMMENT '市值',
  `unrealized_pnl` decimal(20,8) DEFAULT '0.00000000' COMMENT '浮动盈亏',
  `unrealized_pnl_ratio` decimal(10,4) DEFAULT '0.0000' COMMENT '浮动盈亏率(%)',
  `update_time` datetime DEFAULT CURRENT_TIMESTAMP ON UPDATE CURRENT_TIMESTAMP COMMENT '更新时间',
  PRIMARY KEY (`id`),
  UNIQUE KEY `uk_account_symbol` (`account_id`,`symbol`),
  KEY `idx_account_id` (`account_id`),
  KEY `idx_symbol` (`symbol`)
) ENGINE=InnoDB DEFAULT CHARSET=utf8mb4 COLLATE=utf8mb4_0900_ai_ci COMMENT='持仓表';

-- ----------------------------
-- Records of qf_position
-- ----------------------------
BEGIN;
COMMIT;

-- ----------------------------
-- Table structure for qf_risk_config
-- ----------------------------
DROP TABLE IF EXISTS `qf_risk_config`;
CREATE TABLE `qf_risk_config` (
  `id` bigint NOT NULL AUTO_INCREMENT COMMENT '配置ID',
  `name` varchar(100) NOT NULL COMMENT '配置名称',
  `level` varchar(20) NOT NULL COMMENT '级别：STRATEGY/ACCOUNT/SYSTEM',
  `target_id` bigint DEFAULT NULL COMMENT '目标ID（策略ID或账户ID）',
  `max_order_amount` decimal(20,8) DEFAULT NULL COMMENT '单笔最大金额',
  `max_position_ratio` decimal(5,2) DEFAULT NULL COMMENT '最大持仓比例（%）',
  `max_daily_loss` decimal(20,8) DEFAULT NULL COMMENT '单日最大亏损',
  `max_daily_trades` int DEFAULT NULL COMMENT '单日最大交易次数',
  `stop_loss_ratio` decimal(5,2) DEFAULT NULL COMMENT '止损比例（%）',
  `take_profit_ratio` decimal(5,2) DEFAULT NULL COMMENT '止盈比例（%）',
  `status` tinyint(1) DEFAULT '1' COMMENT '状态：0禁用 1启用',
  `create_by` varchar(64) DEFAULT '' COMMENT '创建者',
  `create_time` datetime DEFAULT CURRENT_TIMESTAMP COMMENT '创建时间',
  `update_by` varchar(64) DEFAULT '' COMMENT '更新者',
  `update_time` datetime DEFAULT CURRENT_TIMESTAMP ON UPDATE CURRENT_TIMESTAMP COMMENT '更新时间',
  PRIMARY KEY (`id`),
  KEY `idx_level_target` (`level`,`target_id`)
) ENGINE=InnoDB AUTO_INCREMENT=2 DEFAULT CHARSET=utf8mb4 COLLATE=utf8mb4_0900_ai_ci COMMENT='风控配置表';

-- ----------------------------
-- Records of qf_risk_config
-- ----------------------------
BEGIN;
INSERT INTO `qf_risk_config` (`id`, `name`, `level`, `target_id`, `max_order_amount`, `max_position_ratio`, `max_daily_loss`, `max_daily_trades`, `stop_loss_ratio`, `take_profit_ratio`, `status`, `create_by`, `create_time`, `update_by`, `update_time`) VALUES (1, '系统默认风控', 'SYSTEM', NULL, 10000.00000000, 80.00, 5000.00000000, 100, 5.00, 10.00, 1, 'admin', '2025-10-31 12:18:20', '', '2025-10-31 12:18:20');
COMMIT;

-- ----------------------------
-- Table structure for qf_risk_log
-- ----------------------------
DROP TABLE IF EXISTS `qf_risk_log`;
CREATE TABLE `qf_risk_log` (
  `id` bigint NOT NULL AUTO_INCREMENT COMMENT '日志ID',
  `type` varchar(50) NOT NULL COMMENT '风控类型',
  `level` varchar(20) NOT NULL COMMENT '风控级别：WARNING/ERROR/CRITICAL',
  `target_type` varchar(20) DEFAULT NULL COMMENT '目标类型：STRATEGY/ACCOUNT/ORDER',
  `target_id` bigint DEFAULT NULL COMMENT '目标ID',
  `message` text NOT NULL COMMENT '风控信息',
  `action` varchar(50) DEFAULT NULL COMMENT '处理动作：BLOCK/ALERT/SUSPEND',
  `create_time` datetime DEFAULT CURRENT_TIMESTAMP COMMENT '创建时间',
  PRIMARY KEY (`id`),
  KEY `idx_type` (`type`),
  KEY `idx_level` (`level`),
  KEY `idx_create_time` (`create_time`)
) ENGINE=InnoDB DEFAULT CHARSET=utf8mb4 COLLATE=utf8mb4_0900_ai_ci COMMENT='风控日志表';

-- ----------------------------
-- Records of qf_risk_log
-- ----------------------------
BEGIN;
COMMIT;

-- ----------------------------
-- Table structure for qf_signal
-- ----------------------------
DROP TABLE IF EXISTS `qf_signal`;
CREATE TABLE `qf_signal` (
  `id` bigint NOT NULL AUTO_INCREMENT COMMENT '信号ID',
  `strategy_id` bigint NOT NULL COMMENT '策略ID',
  `symbol` varchar(20) NOT NULL COMMENT '交易对',
  `signal_type` varchar(10) NOT NULL COMMENT '信号类型：BUY/SELL',
  `price` decimal(20,8) DEFAULT NULL COMMENT '信号价格',
  `quantity` decimal(20,8) DEFAULT NULL COMMENT '建议数量',
  `reason` text COMMENT '信号原因',
  `confidence` decimal(5,2) DEFAULT NULL COMMENT '置信度',
  `status` tinyint(1) DEFAULT '0' COMMENT '状态：0待处理 1已处理 2已忽略',
  `create_time` datetime DEFAULT CURRENT_TIMESTAMP COMMENT '创建时间',
  PRIMARY KEY (`id`),
  KEY `idx_strategy_id` (`strategy_id`),
  KEY `idx_symbol` (`symbol`),
  KEY `idx_status` (`status`),
  KEY `idx_create_time` (`create_time`)
) ENGINE=InnoDB DEFAULT CHARSET=utf8mb4 COLLATE=utf8mb4_0900_ai_ci COMMENT='策略信号表';

-- ----------------------------
-- Records of qf_signal
-- ----------------------------
BEGIN;
COMMIT;

-- ----------------------------
-- Table structure for qf_strategy
-- ----------------------------
DROP TABLE IF EXISTS `qf_strategy`;
CREATE TABLE `qf_strategy` (
  `id` bigint NOT NULL AUTO_INCREMENT COMMENT '策略ID',
  `name` varchar(100) NOT NULL COMMENT '策略名称',
  `code` varchar(50) DEFAULT NULL COMMENT '策略代码',
  `type` varchar(50) DEFAULT NULL COMMENT '策略类型',
  `description` text COMMENT '策略描述',
  `account_id` bigint NOT NULL COMMENT '交易账户ID',
  `symbol` varchar(20) DEFAULT NULL COMMENT '交易对',
  `interval` varchar(10) DEFAULT NULL COMMENT 'K线周期',
  `params_config` varchar(512) DEFAULT NULL COMMENT '策略参数（JSON格式）',
  `status` tinyint(1) DEFAULT '0' COMMENT '状态：0停用 1启用 2运行中',
  `user_id` bigint DEFAULT NULL COMMENT '创建用户ID',
  `create_by` varchar(64) DEFAULT '' COMMENT '创建者',
  `create_time` datetime DEFAULT CURRENT_TIMESTAMP COMMENT '创建时间',
  `update_by` varchar(64) DEFAULT '' COMMENT '更新者',
  `update_time` datetime DEFAULT CURRENT_TIMESTAMP ON UPDATE CURRENT_TIMESTAMP COMMENT '更新时间',
  `remark` varchar(500) DEFAULT NULL COMMENT '备注',
  PRIMARY KEY (`id`),
  UNIQUE KEY `uk_code` (`code`),
  KEY `idx_user_id` (`user_id`),
  KEY `idx_account_id` (`account_id`),
  KEY `idx_symbol` (`symbol`),
  KEY `idx_status` (`status`)
) ENGINE=InnoDB AUTO_INCREMENT=2 DEFAULT CHARSET=utf8mb4 COLLATE=utf8mb4_0900_ai_ci COMMENT='策略配置表';

-- ----------------------------
-- Records of qf_strategy
-- ----------------------------
BEGIN;
INSERT INTO `qf_strategy` (`id`, `name`, `code`, `type`, `description`, `account_id`, `symbol`, `interval`, `params_config`, `status`, `user_id`, `create_by`, `create_time`, `update_by`, `update_time`, `remark`) VALUES (1, '111', '111', 'MA_CROSS', NULL, 1, 'ETHUSDT', '5m', NULL, 0, 1, '', '2025-11-01 14:05:37', '', '2025-11-01 14:05:37', NULL);
COMMIT;

-- ----------------------------
-- Table structure for qf_trade
-- ----------------------------
DROP TABLE IF EXISTS `qf_trade`;
CREATE TABLE `qf_trade` (
  `id` bigint NOT NULL AUTO_INCREMENT COMMENT '成交ID',
  `order_id` bigint NOT NULL COMMENT '订单ID',
  `trade_id` varchar(100) DEFAULT NULL COMMENT '成交ID',
  `symbol` varchar(20) NOT NULL COMMENT '交易对',
  `side` varchar(10) NOT NULL COMMENT '方向',
  `price` decimal(20,8) NOT NULL COMMENT '成交价格',
  `quantity` decimal(20,8) NOT NULL COMMENT '成交数量',
  `amount` decimal(20,8) NOT NULL COMMENT '成交金额',
  `commission` decimal(20,8) DEFAULT NULL COMMENT '手续费',
  `trade_time` datetime NOT NULL COMMENT '成交时间',
  `create_time` datetime DEFAULT CURRENT_TIMESTAMP COMMENT '创建时间',
  PRIMARY KEY (`id`),
  KEY `idx_order_id` (`order_id`),
  KEY `idx_symbol` (`symbol`),
  KEY `idx_trade_time` (`trade_time`)
) ENGINE=InnoDB DEFAULT CHARSET=utf8mb4 COLLATE=utf8mb4_0900_ai_ci COMMENT='成交记录表';

-- ----------------------------
-- Records of qf_trade
-- ----------------------------
BEGIN;
COMMIT;

-- ----------------------------
-- Table structure for sys_config
-- ----------------------------
DROP TABLE IF EXISTS `sys_config`;
CREATE TABLE `sys_config` (
  `config_id` int NOT NULL AUTO_INCREMENT COMMENT '参数主键',
  `config_name` varchar(100) DEFAULT '' COMMENT '参数名称',
  `config_key` varchar(100) DEFAULT '' COMMENT '参数键名',
  `config_value` varchar(500) DEFAULT '' COMMENT '参数键值',
  `config_type` char(1) DEFAULT 'N' COMMENT '系统内置（Y是 N否）',
  `create_by` varchar(64) DEFAULT '' COMMENT '创建者',
  `create_time` datetime DEFAULT NULL COMMENT '创建时间',
  `update_by` varchar(64) DEFAULT '' COMMENT '更新者',
  `update_time` datetime DEFAULT NULL COMMENT '更新时间',
  `remark` varchar(500) DEFAULT NULL COMMENT '备注',
  PRIMARY KEY (`config_id`)
) ENGINE=InnoDB AUTO_INCREMENT=100 DEFAULT CHARSET=utf8mb4 COLLATE=utf8mb4_0900_ai_ci COMMENT='参数配置表';

-- ----------------------------
-- Records of sys_config
-- ----------------------------
BEGIN;
INSERT INTO `sys_config` (`config_id`, `config_name`, `config_key`, `config_value`, `config_type`, `create_by`, `create_time`, `update_by`, `update_time`, `remark`) VALUES (1, '主框架页-默认皮肤样式名称', 'sys.index.skinName', 'skin-blue', 'Y', 'admin', '2025-10-30 12:07:48', '', NULL, '蓝色 skin-blue、绿色 skin-green、紫色 skin-purple、红色 skin-red、黄色 skin-yellow');
INSERT INTO `sys_config` (`config_id`, `config_name`, `config_key`, `config_value`, `config_type`, `create_by`, `create_time`, `update_by`, `update_time`, `remark`) VALUES (2, '用户管理-账号初始密码', 'sys.user.initPassword', '123456', 'Y', 'admin', '2025-10-30 12:07:48', '', NULL, '初始化密码 123456');
INSERT INTO `sys_config` (`config_id`, `config_name`, `config_key`, `config_value`, `config_type`, `create_by`, `create_time`, `update_by`, `update_time`, `remark`) VALUES (3, '主框架页-侧边栏主题', 'sys.index.sideTheme', 'theme-dark', 'Y', 'admin', '2025-10-30 12:07:48', '', NULL, '深色主题theme-dark，浅色主题theme-light');
INSERT INTO `sys_config` (`config_id`, `config_name`, `config_key`, `config_value`, `config_type`, `create_by`, `create_time`, `update_by`, `update_time`, `remark`) VALUES (4, '账号自助-验证码开关', 'sys.account.captchaEnabled', 'true', 'Y', 'admin', '2025-10-30 12:07:48', '', NULL, '是否开启验证码功能（true开启，false关闭）');
INSERT INTO `sys_config` (`config_id`, `config_name`, `config_key`, `config_value`, `config_type`, `create_by`, `create_time`, `update_by`, `update_time`, `remark`) VALUES (5, '账号自助-是否开启用户注册功能', 'sys.account.registerUser', 'false', 'Y', 'admin', '2025-10-30 12:07:48', '', NULL, '是否开启注册用户功能（true开启，false关闭）');
INSERT INTO `sys_config` (`config_id`, `config_name`, `config_key`, `config_value`, `config_type`, `create_by`, `create_time`, `update_by`, `update_time`, `remark`) VALUES (6, '用户登录-黑名单列表', 'sys.login.blackIPList', '', 'Y', 'admin', '2025-10-30 12:07:48', '', NULL, '设置登录IP黑名单限制，多个匹配项以;分隔，支持匹配（*通配、网段）');
INSERT INTO `sys_config` (`config_id`, `config_name`, `config_key`, `config_value`, `config_type`, `create_by`, `create_time`, `update_by`, `update_time`, `remark`) VALUES (7, '用户管理-初始密码修改策略', 'sys.account.initPasswordModify', '1', 'Y', 'admin', '2025-10-30 12:07:48', '', NULL, '0：初始密码修改策略关闭，没有任何提示，1：提醒用户，如果未修改初始密码，则在登录时就会提醒修改密码对话框');
INSERT INTO `sys_config` (`config_id`, `config_name`, `config_key`, `config_value`, `config_type`, `create_by`, `create_time`, `update_by`, `update_time`, `remark`) VALUES (8, '用户管理-账号密码更新周期', 'sys.account.passwordValidateDays', '0', 'Y', 'admin', '2025-10-30 12:07:48', '', NULL, '密码更新周期（填写数字，数据初始化值为0不限制，若修改必须为大于0小于365的正整数），如果超过这个周期登录系统时，则在登录时就会提醒修改密码对话框');
COMMIT;

-- ----------------------------
-- Table structure for sys_dept
-- ----------------------------
DROP TABLE IF EXISTS `sys_dept`;
CREATE TABLE `sys_dept` (
  `dept_id` bigint NOT NULL AUTO_INCREMENT COMMENT '部门id',
  `parent_id` bigint DEFAULT '0' COMMENT '父部门id',
  `ancestors` varchar(50) DEFAULT '' COMMENT '祖级列表',
  `dept_name` varchar(30) DEFAULT '' COMMENT '部门名称',
  `order_num` int DEFAULT '0' COMMENT '显示顺序',
  `leader` varchar(20) DEFAULT NULL COMMENT '负责人',
  `phone` varchar(11) DEFAULT NULL COMMENT '联系电话',
  `email` varchar(50) DEFAULT NULL COMMENT '邮箱',
  `status` char(1) DEFAULT '0' COMMENT '部门状态（0正常 1停用）',
  `del_flag` char(1) DEFAULT '0' COMMENT '删除标志（0代表存在 2代表删除）',
  `create_by` varchar(64) DEFAULT '' COMMENT '创建者',
  `create_time` datetime DEFAULT NULL COMMENT '创建时间',
  `update_by` varchar(64) DEFAULT '' COMMENT '更新者',
  `update_time` datetime DEFAULT NULL COMMENT '更新时间',
  PRIMARY KEY (`dept_id`)
) ENGINE=InnoDB AUTO_INCREMENT=200 DEFAULT CHARSET=utf8mb4 COLLATE=utf8mb4_0900_ai_ci COMMENT='部门表';

-- ----------------------------
-- Records of sys_dept
-- ----------------------------
BEGIN;
INSERT INTO `sys_dept` (`dept_id`, `parent_id`, `ancestors`, `dept_name`, `order_num`, `leader`, `phone`, `email`, `status`, `del_flag`, `create_by`, `create_time`, `update_by`, `update_time`) VALUES (100, 0, '0', '若依科技', 0, '若依', '15888888888', 'ry@qq.com', '0', '0', 'admin', '2025-10-30 12:07:48', '', NULL);
INSERT INTO `sys_dept` (`dept_id`, `parent_id`, `ancestors`, `dept_name`, `order_num`, `leader`, `phone`, `email`, `status`, `del_flag`, `create_by`, `create_time`, `update_by`, `update_time`) VALUES (101, 100, '0,100', '深圳总公司', 1, '若依', '15888888888', 'ry@qq.com', '0', '0', 'admin', '2025-10-30 12:07:48', '', NULL);
INSERT INTO `sys_dept` (`dept_id`, `parent_id`, `ancestors`, `dept_name`, `order_num`, `leader`, `phone`, `email`, `status`, `del_flag`, `create_by`, `create_time`, `update_by`, `update_time`) VALUES (102, 100, '0,100', '长沙分公司', 2, '若依', '15888888888', 'ry@qq.com', '0', '0', 'admin', '2025-10-30 12:07:48', '', NULL);
INSERT INTO `sys_dept` (`dept_id`, `parent_id`, `ancestors`, `dept_name`, `order_num`, `leader`, `phone`, `email`, `status`, `del_flag`, `create_by`, `create_time`, `update_by`, `update_time`) VALUES (103, 101, '0,100,101', '研发部门', 1, '若依', '15888888888', 'ry@qq.com', '0', '0', 'admin', '2025-10-30 12:07:48', '', NULL);
INSERT INTO `sys_dept` (`dept_id`, `parent_id`, `ancestors`, `dept_name`, `order_num`, `leader`, `phone`, `email`, `status`, `del_flag`, `create_by`, `create_time`, `update_by`, `update_time`) VALUES (104, 101, '0,100,101', '市场部门', 2, '若依', '15888888888', 'ry@qq.com', '0', '0', 'admin', '2025-10-30 12:07:48', '', NULL);
INSERT INTO `sys_dept` (`dept_id`, `parent_id`, `ancestors`, `dept_name`, `order_num`, `leader`, `phone`, `email`, `status`, `del_flag`, `create_by`, `create_time`, `update_by`, `update_time`) VALUES (105, 101, '0,100,101', '测试部门', 3, '若依', '15888888888', 'ry@qq.com', '0', '0', 'admin', '2025-10-30 12:07:48', '', NULL);
INSERT INTO `sys_dept` (`dept_id`, `parent_id`, `ancestors`, `dept_name`, `order_num`, `leader`, `phone`, `email`, `status`, `del_flag`, `create_by`, `create_time`, `update_by`, `update_time`) VALUES (106, 101, '0,100,101', '财务部门', 4, '若依', '15888888888', 'ry@qq.com', '0', '0', 'admin', '2025-10-30 12:07:48', '', NULL);
INSERT INTO `sys_dept` (`dept_id`, `parent_id`, `ancestors`, `dept_name`, `order_num`, `leader`, `phone`, `email`, `status`, `del_flag`, `create_by`, `create_time`, `update_by`, `update_time`) VALUES (107, 101, '0,100,101', '运维部门', 5, '若依', '15888888888', 'ry@qq.com', '0', '0', 'admin', '2025-10-30 12:07:48', '', NULL);
INSERT INTO `sys_dept` (`dept_id`, `parent_id`, `ancestors`, `dept_name`, `order_num`, `leader`, `phone`, `email`, `status`, `del_flag`, `create_by`, `create_time`, `update_by`, `update_time`) VALUES (108, 102, '0,100,102', '市场部门', 1, '若依', '15888888888', 'ry@qq.com', '0', '0', 'admin', '2025-10-30 12:07:48', '', NULL);
INSERT INTO `sys_dept` (`dept_id`, `parent_id`, `ancestors`, `dept_name`, `order_num`, `leader`, `phone`, `email`, `status`, `del_flag`, `create_by`, `create_time`, `update_by`, `update_time`) VALUES (109, 102, '0,100,102', '财务部门', 2, '若依', '15888888888', 'ry@qq.com', '0', '0', 'admin', '2025-10-30 12:07:48', '', NULL);
COMMIT;

-- ----------------------------
-- Table structure for sys_dict_data
-- ----------------------------
DROP TABLE IF EXISTS `sys_dict_data`;
CREATE TABLE `sys_dict_data` (
  `dict_code` bigint NOT NULL AUTO_INCREMENT COMMENT '字典编码',
  `dict_sort` int DEFAULT '0' COMMENT '字典排序',
  `dict_label` varchar(100) DEFAULT '' COMMENT '字典标签',
  `dict_value` varchar(100) DEFAULT '' COMMENT '字典键值',
  `dict_type` varchar(100) DEFAULT '' COMMENT '字典类型',
  `css_class` varchar(100) DEFAULT NULL COMMENT '样式属性（其他样式扩展）',
  `list_class` varchar(100) DEFAULT NULL COMMENT '表格回显样式',
  `is_default` char(1) DEFAULT 'N' COMMENT '是否默认（Y是 N否）',
  `status` char(1) DEFAULT '0' COMMENT '状态（0正常 1停用）',
  `create_by` varchar(64) DEFAULT '' COMMENT '创建者',
  `create_time` datetime DEFAULT NULL COMMENT '创建时间',
  `update_by` varchar(64) DEFAULT '' COMMENT '更新者',
  `update_time` datetime DEFAULT NULL COMMENT '更新时间',
  `remark` varchar(500) DEFAULT NULL COMMENT '备注',
  PRIMARY KEY (`dict_code`)
) ENGINE=InnoDB AUTO_INCREMENT=129 DEFAULT CHARSET=utf8mb4 COLLATE=utf8mb4_0900_ai_ci COMMENT='字典数据表';

-- ----------------------------
-- Records of sys_dict_data
-- ----------------------------
BEGIN;
INSERT INTO `sys_dict_data` (`dict_code`, `dict_sort`, `dict_label`, `dict_value`, `dict_type`, `css_class`, `list_class`, `is_default`, `status`, `create_by`, `create_time`, `update_by`, `update_time`, `remark`) VALUES (1, 1, '男', '0', 'sys_user_sex', '', '', 'Y', '0', 'admin', '2025-10-30 12:07:48', '', NULL, '性别男');
INSERT INTO `sys_dict_data` (`dict_code`, `dict_sort`, `dict_label`, `dict_value`, `dict_type`, `css_class`, `list_class`, `is_default`, `status`, `create_by`, `create_time`, `update_by`, `update_time`, `remark`) VALUES (2, 2, '女', '1', 'sys_user_sex', '', '', 'N', '0', 'admin', '2025-10-30 12:07:48', '', NULL, '性别女');
INSERT INTO `sys_dict_data` (`dict_code`, `dict_sort`, `dict_label`, `dict_value`, `dict_type`, `css_class`, `list_class`, `is_default`, `status`, `create_by`, `create_time`, `update_by`, `update_time`, `remark`) VALUES (3, 3, '未知', '2', 'sys_user_sex', '', '', 'N', '0', 'admin', '2025-10-30 12:07:48', '', NULL, '性别未知');
INSERT INTO `sys_dict_data` (`dict_code`, `dict_sort`, `dict_label`, `dict_value`, `dict_type`, `css_class`, `list_class`, `is_default`, `status`, `create_by`, `create_time`, `update_by`, `update_time`, `remark`) VALUES (4, 1, '显示', '0', 'sys_show_hide', '', 'primary', 'Y', '0', 'admin', '2025-10-30 12:07:48', '', NULL, '显示菜单');
INSERT INTO `sys_dict_data` (`dict_code`, `dict_sort`, `dict_label`, `dict_value`, `dict_type`, `css_class`, `list_class`, `is_default`, `status`, `create_by`, `create_time`, `update_by`, `update_time`, `remark`) VALUES (5, 2, '隐藏', '1', 'sys_show_hide', '', 'danger', 'N', '0', 'admin', '2025-10-30 12:07:48', '', NULL, '隐藏菜单');
INSERT INTO `sys_dict_data` (`dict_code`, `dict_sort`, `dict_label`, `dict_value`, `dict_type`, `css_class`, `list_class`, `is_default`, `status`, `create_by`, `create_time`, `update_by`, `update_time`, `remark`) VALUES (6, 1, '正常', '0', 'sys_normal_disable', '', 'primary', 'Y', '0', 'admin', '2025-10-30 12:07:48', '', NULL, '正常状态');
INSERT INTO `sys_dict_data` (`dict_code`, `dict_sort`, `dict_label`, `dict_value`, `dict_type`, `css_class`, `list_class`, `is_default`, `status`, `create_by`, `create_time`, `update_by`, `update_time`, `remark`) VALUES (7, 2, '停用', '1', 'sys_normal_disable', '', 'danger', 'N', '0', 'admin', '2025-10-30 12:07:48', '', NULL, '停用状态');
INSERT INTO `sys_dict_data` (`dict_code`, `dict_sort`, `dict_label`, `dict_value`, `dict_type`, `css_class`, `list_class`, `is_default`, `status`, `create_by`, `create_time`, `update_by`, `update_time`, `remark`) VALUES (8, 1, '正常', '0', 'sys_job_status', '', 'primary', 'Y', '0', 'admin', '2025-10-30 12:07:48', '', NULL, '正常状态');
INSERT INTO `sys_dict_data` (`dict_code`, `dict_sort`, `dict_label`, `dict_value`, `dict_type`, `css_class`, `list_class`, `is_default`, `status`, `create_by`, `create_time`, `update_by`, `update_time`, `remark`) VALUES (9, 2, '暂停', '1', 'sys_job_status', '', 'danger', 'N', '0', 'admin', '2025-10-30 12:07:48', '', NULL, '停用状态');
INSERT INTO `sys_dict_data` (`dict_code`, `dict_sort`, `dict_label`, `dict_value`, `dict_type`, `css_class`, `list_class`, `is_default`, `status`, `create_by`, `create_time`, `update_by`, `update_time`, `remark`) VALUES (10, 1, '默认', 'DEFAULT', 'sys_job_group', '', '', 'Y', '0', 'admin', '2025-10-30 12:07:48', '', NULL, '默认分组');
INSERT INTO `sys_dict_data` (`dict_code`, `dict_sort`, `dict_label`, `dict_value`, `dict_type`, `css_class`, `list_class`, `is_default`, `status`, `create_by`, `create_time`, `update_by`, `update_time`, `remark`) VALUES (11, 2, '系统', 'SYSTEM', 'sys_job_group', '', '', 'N', '0', 'admin', '2025-10-30 12:07:48', '', NULL, '系统分组');
INSERT INTO `sys_dict_data` (`dict_code`, `dict_sort`, `dict_label`, `dict_value`, `dict_type`, `css_class`, `list_class`, `is_default`, `status`, `create_by`, `create_time`, `update_by`, `update_time`, `remark`) VALUES (12, 1, '是', 'Y', 'sys_yes_no', '', 'primary', 'Y', '0', 'admin', '2025-10-30 12:07:48', '', NULL, '系统默认是');
INSERT INTO `sys_dict_data` (`dict_code`, `dict_sort`, `dict_label`, `dict_value`, `dict_type`, `css_class`, `list_class`, `is_default`, `status`, `create_by`, `create_time`, `update_by`, `update_time`, `remark`) VALUES (13, 2, '否', 'N', 'sys_yes_no', '', 'danger', 'N', '0', 'admin', '2025-10-30 12:07:48', '', NULL, '系统默认否');
INSERT INTO `sys_dict_data` (`dict_code`, `dict_sort`, `dict_label`, `dict_value`, `dict_type`, `css_class`, `list_class`, `is_default`, `status`, `create_by`, `create_time`, `update_by`, `update_time`, `remark`) VALUES (14, 1, '通知', '1', 'sys_notice_type', '', 'warning', 'Y', '0', 'admin', '2025-10-30 12:07:48', '', NULL, '通知');
INSERT INTO `sys_dict_data` (`dict_code`, `dict_sort`, `dict_label`, `dict_value`, `dict_type`, `css_class`, `list_class`, `is_default`, `status`, `create_by`, `create_time`, `update_by`, `update_time`, `remark`) VALUES (15, 2, '公告', '2', 'sys_notice_type', '', 'success', 'N', '0', 'admin', '2025-10-30 12:07:48', '', NULL, '公告');
INSERT INTO `sys_dict_data` (`dict_code`, `dict_sort`, `dict_label`, `dict_value`, `dict_type`, `css_class`, `list_class`, `is_default`, `status`, `create_by`, `create_time`, `update_by`, `update_time`, `remark`) VALUES (16, 1, '正常', '0', 'sys_notice_status', '', 'primary', 'Y', '0', 'admin', '2025-10-30 12:07:48', '', NULL, '正常状态');
INSERT INTO `sys_dict_data` (`dict_code`, `dict_sort`, `dict_label`, `dict_value`, `dict_type`, `css_class`, `list_class`, `is_default`, `status`, `create_by`, `create_time`, `update_by`, `update_time`, `remark`) VALUES (17, 2, '关闭', '1', 'sys_notice_status', '', 'danger', 'N', '0', 'admin', '2025-10-30 12:07:48', '', NULL, '关闭状态');
INSERT INTO `sys_dict_data` (`dict_code`, `dict_sort`, `dict_label`, `dict_value`, `dict_type`, `css_class`, `list_class`, `is_default`, `status`, `create_by`, `create_time`, `update_by`, `update_time`, `remark`) VALUES (18, 99, '其他', '0', 'sys_oper_type', '', 'info', 'N', '0', 'admin', '2025-10-30 12:07:48', '', NULL, '其他操作');
INSERT INTO `sys_dict_data` (`dict_code`, `dict_sort`, `dict_label`, `dict_value`, `dict_type`, `css_class`, `list_class`, `is_default`, `status`, `create_by`, `create_time`, `update_by`, `update_time`, `remark`) VALUES (19, 1, '新增', '1', 'sys_oper_type', '', 'info', 'N', '0', 'admin', '2025-10-30 12:07:48', '', NULL, '新增操作');
INSERT INTO `sys_dict_data` (`dict_code`, `dict_sort`, `dict_label`, `dict_value`, `dict_type`, `css_class`, `list_class`, `is_default`, `status`, `create_by`, `create_time`, `update_by`, `update_time`, `remark`) VALUES (20, 2, '修改', '2', 'sys_oper_type', '', 'info', 'N', '0', 'admin', '2025-10-30 12:07:48', '', NULL, '修改操作');
INSERT INTO `sys_dict_data` (`dict_code`, `dict_sort`, `dict_label`, `dict_value`, `dict_type`, `css_class`, `list_class`, `is_default`, `status`, `create_by`, `create_time`, `update_by`, `update_time`, `remark`) VALUES (21, 3, '删除', '3', 'sys_oper_type', '', 'danger', 'N', '0', 'admin', '2025-10-30 12:07:48', '', NULL, '删除操作');
INSERT INTO `sys_dict_data` (`dict_code`, `dict_sort`, `dict_label`, `dict_value`, `dict_type`, `css_class`, `list_class`, `is_default`, `status`, `create_by`, `create_time`, `update_by`, `update_time`, `remark`) VALUES (22, 4, '授权', '4', 'sys_oper_type', '', 'primary', 'N', '0', 'admin', '2025-10-30 12:07:48', '', NULL, '授权操作');
INSERT INTO `sys_dict_data` (`dict_code`, `dict_sort`, `dict_label`, `dict_value`, `dict_type`, `css_class`, `list_class`, `is_default`, `status`, `create_by`, `create_time`, `update_by`, `update_time`, `remark`) VALUES (23, 5, '导出', '5', 'sys_oper_type', '', 'warning', 'N', '0', 'admin', '2025-10-30 12:07:48', '', NULL, '导出操作');
INSERT INTO `sys_dict_data` (`dict_code`, `dict_sort`, `dict_label`, `dict_value`, `dict_type`, `css_class`, `list_class`, `is_default`, `status`, `create_by`, `create_time`, `update_by`, `update_time`, `remark`) VALUES (24, 6, '导入', '6', 'sys_oper_type', '', 'warning', 'N', '0', 'admin', '2025-10-30 12:07:48', '', NULL, '导入操作');
INSERT INTO `sys_dict_data` (`dict_code`, `dict_sort`, `dict_label`, `dict_value`, `dict_type`, `css_class`, `list_class`, `is_default`, `status`, `create_by`, `create_time`, `update_by`, `update_time`, `remark`) VALUES (25, 7, '强退', '7', 'sys_oper_type', '', 'danger', 'N', '0', 'admin', '2025-10-30 12:07:48', '', NULL, '强退操作');
INSERT INTO `sys_dict_data` (`dict_code`, `dict_sort`, `dict_label`, `dict_value`, `dict_type`, `css_class`, `list_class`, `is_default`, `status`, `create_by`, `create_time`, `update_by`, `update_time`, `remark`) VALUES (26, 8, '生成代码', '8', 'sys_oper_type', '', 'warning', 'N', '0', 'admin', '2025-10-30 12:07:48', '', NULL, '生成操作');
INSERT INTO `sys_dict_data` (`dict_code`, `dict_sort`, `dict_label`, `dict_value`, `dict_type`, `css_class`, `list_class`, `is_default`, `status`, `create_by`, `create_time`, `update_by`, `update_time`, `remark`) VALUES (27, 9, '清空数据', '9', 'sys_oper_type', '', 'danger', 'N', '0', 'admin', '2025-10-30 12:07:48', '', NULL, '清空操作');
INSERT INTO `sys_dict_data` (`dict_code`, `dict_sort`, `dict_label`, `dict_value`, `dict_type`, `css_class`, `list_class`, `is_default`, `status`, `create_by`, `create_time`, `update_by`, `update_time`, `remark`) VALUES (28, 1, '成功', '0', 'sys_common_status', '', 'primary', 'N', '0', 'admin', '2025-10-30 12:07:48', '', NULL, '正常状态');
INSERT INTO `sys_dict_data` (`dict_code`, `dict_sort`, `dict_label`, `dict_value`, `dict_type`, `css_class`, `list_class`, `is_default`, `status`, `create_by`, `create_time`, `update_by`, `update_time`, `remark`) VALUES (29, 2, '失败', '1', 'sys_common_status', '', 'danger', 'N', '0', 'admin', '2025-10-30 12:07:48', '', NULL, '停用状态');
INSERT INTO `sys_dict_data` (`dict_code`, `dict_sort`, `dict_label`, `dict_value`, `dict_type`, `css_class`, `list_class`, `is_default`, `status`, `create_by`, `create_time`, `update_by`, `update_time`, `remark`) VALUES (100, 1, '币安', 'binance', 'qf_exchange_type', NULL, 'default', 'N', '0', 'admin', '2025-10-31 12:12:12', '', NULL, NULL);
INSERT INTO `sys_dict_data` (`dict_code`, `dict_sort`, `dict_label`, `dict_value`, `dict_type`, `css_class`, `list_class`, `is_default`, `status`, `create_by`, `create_time`, `update_by`, `update_time`, `remark`) VALUES (101, 2, '欧易', 'okx', 'qf_exchange_type', NULL, 'default', 'N', '0', 'admin', '2025-10-31 12:12:27', 'admin', '2025-10-31 12:12:39', NULL);
INSERT INTO `sys_dict_data` (`dict_code`, `dict_sort`, `dict_label`, `dict_value`, `dict_type`, `css_class`, `list_class`, `is_default`, `status`, `create_by`, `create_time`, `update_by`, `update_time`, `remark`) VALUES (102, 3, '火币', 'huobi', 'qf_exchange_type', NULL, 'default', 'N', '0', 'admin', '2025-10-31 12:12:56', '', NULL, NULL);
INSERT INTO `sys_dict_data` (`dict_code`, `dict_sort`, `dict_label`, `dict_value`, `dict_type`, `css_class`, `list_class`, `is_default`, `status`, `create_by`, `create_time`, `update_by`, `update_time`, `remark`) VALUES (103, 1, '买入', 'BUY', 'qf_order_side', NULL, 'default', 'N', '0', 'admin', '2025-10-31 12:13:43', '', NULL, NULL);
INSERT INTO `sys_dict_data` (`dict_code`, `dict_sort`, `dict_label`, `dict_value`, `dict_type`, `css_class`, `list_class`, `is_default`, `status`, `create_by`, `create_time`, `update_by`, `update_time`, `remark`) VALUES (104, 2, '卖出', 'SELL', 'qf_order_side', NULL, 'default', 'N', '0', 'admin', '2025-10-31 12:13:57', '', NULL, NULL);
INSERT INTO `sys_dict_data` (`dict_code`, `dict_sort`, `dict_label`, `dict_value`, `dict_type`, `css_class`, `list_class`, `is_default`, `status`, `create_by`, `create_time`, `update_by`, `update_time`, `remark`) VALUES (105, 1, '市价单', 'MARKET', 'qf_order_type', NULL, 'default', 'N', '0', 'admin', '2025-10-31 12:14:39', '', NULL, NULL);
INSERT INTO `sys_dict_data` (`dict_code`, `dict_sort`, `dict_label`, `dict_value`, `dict_type`, `css_class`, `list_class`, `is_default`, `status`, `create_by`, `create_time`, `update_by`, `update_time`, `remark`) VALUES (106, 2, '限价单', 'LIMIT', 'qf_order_type', NULL, 'default', 'N', '0', 'admin', '2025-10-31 12:14:54', '', NULL, NULL);
INSERT INTO `sys_dict_data` (`dict_code`, `dict_sort`, `dict_label`, `dict_value`, `dict_type`, `css_class`, `list_class`, `is_default`, `status`, `create_by`, `create_time`, `update_by`, `update_time`, `remark`) VALUES (109, 1, '待提交', 'PENDING', 'qf_order_status', NULL, 'default', 'N', '0', 'admin', '2025-10-31 12:16:56', '', NULL, NULL);
INSERT INTO `sys_dict_data` (`dict_code`, `dict_sort`, `dict_label`, `dict_value`, `dict_type`, `css_class`, `list_class`, `is_default`, `status`, `create_by`, `create_time`, `update_by`, `update_time`, `remark`) VALUES (110, 2, '已提交', 'SUBMITTED', 'qf_order_status', NULL, 'default', 'N', '0', 'admin', '2025-10-31 12:17:07', '', NULL, NULL);
INSERT INTO `sys_dict_data` (`dict_code`, `dict_sort`, `dict_label`, `dict_value`, `dict_type`, `css_class`, `list_class`, `is_default`, `status`, `create_by`, `create_time`, `update_by`, `update_time`, `remark`) VALUES (111, 3, '部分成交', 'PARTIAL_FILLED', 'qf_order_status', NULL, 'default', 'N', '0', 'admin', '2025-10-31 12:17:19', '', NULL, NULL);
INSERT INTO `sys_dict_data` (`dict_code`, `dict_sort`, `dict_label`, `dict_value`, `dict_type`, `css_class`, `list_class`, `is_default`, `status`, `create_by`, `create_time`, `update_by`, `update_time`, `remark`) VALUES (112, 4, '完全成交', 'FILLED', 'qf_order_status', NULL, 'default', 'N', '0', 'admin', '2025-10-31 12:17:30', 'admin', '2025-10-31 12:17:34', NULL);
INSERT INTO `sys_dict_data` (`dict_code`, `dict_sort`, `dict_label`, `dict_value`, `dict_type`, `css_class`, `list_class`, `is_default`, `status`, `create_by`, `create_time`, `update_by`, `update_time`, `remark`) VALUES (113, 5, '已取消', 'CANCELLED', 'qf_order_status', NULL, 'default', 'N', '0', 'admin', '2025-10-31 12:17:46', '', NULL, NULL);
INSERT INTO `sys_dict_data` (`dict_code`, `dict_sort`, `dict_label`, `dict_value`, `dict_type`, `css_class`, `list_class`, `is_default`, `status`, `create_by`, `create_time`, `update_by`, `update_time`, `remark`) VALUES (114, 6, '已拒绝', 'REJECTED', 'qf_order_status', NULL, 'default', 'N', '0', 'admin', '2025-10-31 12:17:56', '', NULL, NULL);
INSERT INTO `sys_dict_data` (`dict_code`, `dict_sort`, `dict_label`, `dict_value`, `dict_type`, `css_class`, `list_class`, `is_default`, `status`, `create_by`, `create_time`, `update_by`, `update_time`, `remark`) VALUES (115, 7, '失败', 'FAILED', 'qf_order_status', NULL, 'default', 'N', '0', 'admin', '2025-10-31 12:18:09', '', NULL, NULL);
INSERT INTO `sys_dict_data` (`dict_code`, `dict_sort`, `dict_label`, `dict_value`, `dict_type`, `css_class`, `list_class`, `is_default`, `status`, `create_by`, `create_time`, `update_by`, `update_time`, `remark`) VALUES (116, 1, '均线交叉', 'MA_CROSS', 'qf_strategy_type', NULL, 'default', 'N', '0', 'admin', '2025-10-31 12:18:09', '', NULL, NULL);
INSERT INTO `sys_dict_data` (`dict_code`, `dict_sort`, `dict_label`, `dict_value`, `dict_type`, `css_class`, `list_class`, `is_default`, `status`, `create_by`, `create_time`, `update_by`, `update_time`, `remark`) VALUES (117, 2, '网格策略', 'GRID', 'qf_strategy_type', NULL, 'default', 'N', '0', 'admin', '2025-10-31 12:18:09', '', NULL, NULL);
INSERT INTO `sys_dict_data` (`dict_code`, `dict_sort`, `dict_label`, `dict_value`, `dict_type`, `css_class`, `list_class`, `is_default`, `status`, `create_by`, `create_time`, `update_by`, `update_time`, `remark`) VALUES (118, 3, '套利策略', 'ARBITRAGE', 'qf_strategy_type', NULL, 'default', 'N', '0', 'admin', '2025-10-31 12:18:09', 'admin', '2025-10-31 12:24:05', NULL);
INSERT INTO `sys_dict_data` (`dict_code`, `dict_sort`, `dict_label`, `dict_value`, `dict_type`, `css_class`, `list_class`, `is_default`, `status`, `create_by`, `create_time`, `update_by`, `update_time`, `remark`) VALUES (119, 99, '自定义', 'CUSTOM', 'qf_strategy_type', NULL, 'default', 'N', '0', 'admin', '2025-10-31 12:18:09', '', NULL, NULL);
INSERT INTO `sys_dict_data` (`dict_code`, `dict_sort`, `dict_label`, `dict_value`, `dict_type`, `css_class`, `list_class`, `is_default`, `status`, `create_by`, `create_time`, `update_by`, `update_time`, `remark`) VALUES (120, 1, '1分钟', '1m', 'qf_interval', NULL, 'default', 'N', '0', 'admin', '2025-10-31 12:18:09', '', NULL, NULL);
INSERT INTO `sys_dict_data` (`dict_code`, `dict_sort`, `dict_label`, `dict_value`, `dict_type`, `css_class`, `list_class`, `is_default`, `status`, `create_by`, `create_time`, `update_by`, `update_time`, `remark`) VALUES (121, 2, '5分钟', '5m', 'qf_interval', NULL, 'default', 'N', '0', 'admin', '2025-10-31 12:18:09', '', NULL, NULL);
INSERT INTO `sys_dict_data` (`dict_code`, `dict_sort`, `dict_label`, `dict_value`, `dict_type`, `css_class`, `list_class`, `is_default`, `status`, `create_by`, `create_time`, `update_by`, `update_time`, `remark`) VALUES (122, 3, '15分钟', '15m', 'qf_interval', NULL, 'default', 'N', '0', 'admin', '2025-10-31 12:18:09', '', NULL, NULL);
INSERT INTO `sys_dict_data` (`dict_code`, `dict_sort`, `dict_label`, `dict_value`, `dict_type`, `css_class`, `list_class`, `is_default`, `status`, `create_by`, `create_time`, `update_by`, `update_time`, `remark`) VALUES (123, 4, '1小时', '1h', 'qf_interval', NULL, 'default', 'N', '0', 'admin', '2025-10-31 12:18:09', '', NULL, NULL);
INSERT INTO `sys_dict_data` (`dict_code`, `dict_sort`, `dict_label`, `dict_value`, `dict_type`, `css_class`, `list_class`, `is_default`, `status`, `create_by`, `create_time`, `update_by`, `update_time`, `remark`) VALUES (124, 5, '4小时', '4h', 'qf_interval', NULL, 'default', 'N', '0', 'admin', '2025-10-31 12:18:09', '', NULL, NULL);
INSERT INTO `sys_dict_data` (`dict_code`, `dict_sort`, `dict_label`, `dict_value`, `dict_type`, `css_class`, `list_class`, `is_default`, `status`, `create_by`, `create_time`, `update_by`, `update_time`, `remark`) VALUES (125, 6, '1天', '1d', 'qf_interval', NULL, 'default', 'N', '0', 'admin', '2025-10-31 12:18:09', '', NULL, NULL);
INSERT INTO `sys_dict_data` (`dict_code`, `dict_sort`, `dict_label`, `dict_value`, `dict_type`, `css_class`, `list_class`, `is_default`, `status`, `create_by`, `create_time`, `update_by`, `update_time`, `remark`) VALUES (126, 1, '停用', '0', 'strategy_status', NULL, 'default', 'N', '0', 'admin', '2025-11-01 13:45:53', '', NULL, NULL);
INSERT INTO `sys_dict_data` (`dict_code`, `dict_sort`, `dict_label`, `dict_value`, `dict_type`, `css_class`, `list_class`, `is_default`, `status`, `create_by`, `create_time`, `update_by`, `update_time`, `remark`) VALUES (127, 2, '启用', '1', 'strategy_status', NULL, 'default', 'N', '0', 'admin', '2025-11-01 13:46:11', '', NULL, NULL);
INSERT INTO `sys_dict_data` (`dict_code`, `dict_sort`, `dict_label`, `dict_value`, `dict_type`, `css_class`, `list_class`, `is_default`, `status`, `create_by`, `create_time`, `update_by`, `update_time`, `remark`) VALUES (128, 3, '运行中', '2', 'strategy_status', NULL, 'default', 'N', '0', 'admin', '2025-11-01 13:46:23', '', NULL, NULL);
COMMIT;

-- ----------------------------
-- Table structure for sys_dict_type
-- ----------------------------
DROP TABLE IF EXISTS `sys_dict_type`;
CREATE TABLE `sys_dict_type` (
  `dict_id` bigint NOT NULL AUTO_INCREMENT COMMENT '字典主键',
  `dict_name` varchar(100) DEFAULT '' COMMENT '字典名称',
  `dict_type` varchar(100) DEFAULT '' COMMENT '字典类型',
  `status` char(1) DEFAULT '0' COMMENT '状态（0正常 1停用）',
  `create_by` varchar(64) DEFAULT '' COMMENT '创建者',
  `create_time` datetime DEFAULT NULL COMMENT '创建时间',
  `update_by` varchar(64) DEFAULT '' COMMENT '更新者',
  `update_time` datetime DEFAULT NULL COMMENT '更新时间',
  `remark` varchar(500) DEFAULT NULL COMMENT '备注',
  PRIMARY KEY (`dict_id`),
  UNIQUE KEY `dict_type` (`dict_type`)
) ENGINE=InnoDB AUTO_INCREMENT=107 DEFAULT CHARSET=utf8mb4 COLLATE=utf8mb4_0900_ai_ci COMMENT='字典类型表';

-- ----------------------------
-- Records of sys_dict_type
-- ----------------------------
BEGIN;
INSERT INTO `sys_dict_type` (`dict_id`, `dict_name`, `dict_type`, `status`, `create_by`, `create_time`, `update_by`, `update_time`, `remark`) VALUES (1, '用户性别', 'sys_user_sex', '0', 'admin', '2025-10-30 12:07:48', '', NULL, '用户性别列表');
INSERT INTO `sys_dict_type` (`dict_id`, `dict_name`, `dict_type`, `status`, `create_by`, `create_time`, `update_by`, `update_time`, `remark`) VALUES (2, '菜单状态', 'sys_show_hide', '0', 'admin', '2025-10-30 12:07:48', '', NULL, '菜单状态列表');
INSERT INTO `sys_dict_type` (`dict_id`, `dict_name`, `dict_type`, `status`, `create_by`, `create_time`, `update_by`, `update_time`, `remark`) VALUES (3, '系统开关', 'sys_normal_disable', '0', 'admin', '2025-10-30 12:07:48', '', NULL, '系统开关列表');
INSERT INTO `sys_dict_type` (`dict_id`, `dict_name`, `dict_type`, `status`, `create_by`, `create_time`, `update_by`, `update_time`, `remark`) VALUES (4, '任务状态', 'sys_job_status', '0', 'admin', '2025-10-30 12:07:48', '', NULL, '任务状态列表');
INSERT INTO `sys_dict_type` (`dict_id`, `dict_name`, `dict_type`, `status`, `create_by`, `create_time`, `update_by`, `update_time`, `remark`) VALUES (5, '任务分组', 'sys_job_group', '0', 'admin', '2025-10-30 12:07:48', '', NULL, '任务分组列表');
INSERT INTO `sys_dict_type` (`dict_id`, `dict_name`, `dict_type`, `status`, `create_by`, `create_time`, `update_by`, `update_time`, `remark`) VALUES (6, '系统是否', 'sys_yes_no', '0', 'admin', '2025-10-30 12:07:48', '', NULL, '系统是否列表');
INSERT INTO `sys_dict_type` (`dict_id`, `dict_name`, `dict_type`, `status`, `create_by`, `create_time`, `update_by`, `update_time`, `remark`) VALUES (7, '通知类型', 'sys_notice_type', '0', 'admin', '2025-10-30 12:07:48', '', NULL, '通知类型列表');
INSERT INTO `sys_dict_type` (`dict_id`, `dict_name`, `dict_type`, `status`, `create_by`, `create_time`, `update_by`, `update_time`, `remark`) VALUES (8, '通知状态', 'sys_notice_status', '0', 'admin', '2025-10-30 12:07:48', '', NULL, '通知状态列表');
INSERT INTO `sys_dict_type` (`dict_id`, `dict_name`, `dict_type`, `status`, `create_by`, `create_time`, `update_by`, `update_time`, `remark`) VALUES (9, '操作类型', 'sys_oper_type', '0', 'admin', '2025-10-30 12:07:48', '', NULL, '操作类型列表');
INSERT INTO `sys_dict_type` (`dict_id`, `dict_name`, `dict_type`, `status`, `create_by`, `create_time`, `update_by`, `update_time`, `remark`) VALUES (10, '系统状态', 'sys_common_status', '0', 'admin', '2025-10-30 12:07:48', '', NULL, '登录状态列表');
INSERT INTO `sys_dict_type` (`dict_id`, `dict_name`, `dict_type`, `status`, `create_by`, `create_time`, `update_by`, `update_time`, `remark`) VALUES (100, '交易所类型', 'qf_exchange_type', '0', 'admin', '2025-10-31 12:11:08', '', NULL, '支持的交易所列表');
INSERT INTO `sys_dict_type` (`dict_id`, `dict_name`, `dict_type`, `status`, `create_by`, `create_time`, `update_by`, `update_time`, `remark`) VALUES (101, '订单方向', 'qf_order_side', '0', 'admin', '2025-10-31 12:13:26', '', NULL, NULL);
INSERT INTO `sys_dict_type` (`dict_id`, `dict_name`, `dict_type`, `status`, `create_by`, `create_time`, `update_by`, `update_time`, `remark`) VALUES (102, '订单类型', 'qf_order_type', '0', 'admin', '2025-10-31 12:14:15', '', NULL, NULL);
INSERT INTO `sys_dict_type` (`dict_id`, `dict_name`, `dict_type`, `status`, `create_by`, `create_time`, `update_by`, `update_time`, `remark`) VALUES (103, '策略类型', 'qf_strategy_type', '0', 'admin', '2025-10-31 12:15:58', '', NULL, NULL);
INSERT INTO `sys_dict_type` (`dict_id`, `dict_name`, `dict_type`, `status`, `create_by`, `create_time`, `update_by`, `update_time`, `remark`) VALUES (104, '订单状态', 'qf_order_status', '0', 'admin', '2025-10-31 12:16:15', '', NULL, NULL);
INSERT INTO `sys_dict_type` (`dict_id`, `dict_name`, `dict_type`, `status`, `create_by`, `create_time`, `update_by`, `update_time`, `remark`) VALUES (105, 'K线周期', 'qf_interval', '0', 'admin', '2025-10-31 12:16:27', '', NULL, NULL);
INSERT INTO `sys_dict_type` (`dict_id`, `dict_name`, `dict_type`, `status`, `create_by`, `create_time`, `update_by`, `update_time`, `remark`) VALUES (106, '策略状态', 'strategy_status', '0', 'admin', '2025-11-01 13:45:32', '', NULL, NULL);
COMMIT;

-- ----------------------------
-- Table structure for sys_job
-- ----------------------------
DROP TABLE IF EXISTS `sys_job`;
CREATE TABLE `sys_job` (
  `job_id` bigint NOT NULL AUTO_INCREMENT COMMENT '任务ID',
  `job_name` varchar(64) NOT NULL DEFAULT '' COMMENT '任务名称',
  `job_group` varchar(64) NOT NULL DEFAULT 'DEFAULT' COMMENT '任务组名',
  `invoke_target` varchar(500) NOT NULL COMMENT '调用目标字符串',
  `cron_expression` varchar(255) DEFAULT '' COMMENT 'cron执行表达式',
  `misfire_policy` varchar(20) DEFAULT '3' COMMENT '计划执行错误策略（1立即执行 2执行一次 3放弃执行）',
  `concurrent` char(1) DEFAULT '1' COMMENT '是否并发执行（0允许 1禁止）',
  `status` char(1) DEFAULT '0' COMMENT '状态（0正常 1暂停）',
  `create_by` varchar(64) DEFAULT '' COMMENT '创建者',
  `create_time` datetime DEFAULT NULL COMMENT '创建时间',
  `update_by` varchar(64) DEFAULT '' COMMENT '更新者',
  `update_time` datetime DEFAULT NULL COMMENT '更新时间',
  `remark` varchar(500) DEFAULT '' COMMENT '备注信息',
  PRIMARY KEY (`job_id`,`job_name`,`job_group`)
) ENGINE=InnoDB AUTO_INCREMENT=100 DEFAULT CHARSET=utf8mb4 COLLATE=utf8mb4_0900_ai_ci COMMENT='定时任务调度表';

-- ----------------------------
-- Records of sys_job
-- ----------------------------
BEGIN;
INSERT INTO `sys_job` (`job_id`, `job_name`, `job_group`, `invoke_target`, `cron_expression`, `misfire_policy`, `concurrent`, `status`, `create_by`, `create_time`, `update_by`, `update_time`, `remark`) VALUES (1, '系统默认（无参）', 'DEFAULT', 'ryTask.ryNoParams', '0/10 * * * * ?', '3', '1', '1', 'admin', '2025-10-30 12:07:48', '', NULL, '');
INSERT INTO `sys_job` (`job_id`, `job_name`, `job_group`, `invoke_target`, `cron_expression`, `misfire_policy`, `concurrent`, `status`, `create_by`, `create_time`, `update_by`, `update_time`, `remark`) VALUES (2, '系统默认（有参）', 'DEFAULT', 'ryTask.ryParams(\'ry\')', '0/15 * * * * ?', '3', '1', '1', 'admin', '2025-10-30 12:07:48', '', NULL, '');
INSERT INTO `sys_job` (`job_id`, `job_name`, `job_group`, `invoke_target`, `cron_expression`, `misfire_policy`, `concurrent`, `status`, `create_by`, `create_time`, `update_by`, `update_time`, `remark`) VALUES (3, '系统默认（多参）', 'DEFAULT', 'ryTask.ryMultipleParams(\'ry\', true, 2000L, 316.50D, 100)', '0/20 * * * * ?', '3', '1', '1', 'admin', '2025-10-30 12:07:48', '', NULL, '');
COMMIT;

-- ----------------------------
-- Table structure for sys_job_log
-- ----------------------------
DROP TABLE IF EXISTS `sys_job_log`;
CREATE TABLE `sys_job_log` (
  `job_log_id` bigint NOT NULL AUTO_INCREMENT COMMENT '任务日志ID',
  `job_name` varchar(64) NOT NULL COMMENT '任务名称',
  `job_group` varchar(64) NOT NULL COMMENT '任务组名',
  `invoke_target` varchar(500) NOT NULL COMMENT '调用目标字符串',
  `job_message` varchar(500) DEFAULT NULL COMMENT '日志信息',
  `status` char(1) DEFAULT '0' COMMENT '执行状态（0正常 1失败）',
  `exception_info` varchar(2000) DEFAULT '' COMMENT '异常信息',
  `create_time` datetime DEFAULT NULL COMMENT '创建时间',
  PRIMARY KEY (`job_log_id`)
) ENGINE=InnoDB DEFAULT CHARSET=utf8mb4 COLLATE=utf8mb4_0900_ai_ci COMMENT='定时任务调度日志表';

-- ----------------------------
-- Records of sys_job_log
-- ----------------------------
BEGIN;
COMMIT;

-- ----------------------------
-- Table structure for sys_logininfor
-- ----------------------------
DROP TABLE IF EXISTS `sys_logininfor`;
CREATE TABLE `sys_logininfor` (
  `info_id` bigint NOT NULL AUTO_INCREMENT COMMENT '访问ID',
  `user_name` varchar(50) DEFAULT '' COMMENT '用户账号',
  `ipaddr` varchar(128) DEFAULT '' COMMENT '登录IP地址',
  `login_location` varchar(255) DEFAULT '' COMMENT '登录地点',
  `browser` varchar(50) DEFAULT '' COMMENT '浏览器类型',
  `os` varchar(50) DEFAULT '' COMMENT '操作系统',
  `status` char(1) DEFAULT '0' COMMENT '登录状态（0成功 1失败）',
  `msg` varchar(255) DEFAULT '' COMMENT '提示消息',
  `login_time` datetime DEFAULT NULL COMMENT '访问时间',
  PRIMARY KEY (`info_id`),
  KEY `idx_sys_logininfor_s` (`status`),
  KEY `idx_sys_logininfor_lt` (`login_time`)
) ENGINE=InnoDB AUTO_INCREMENT=113 DEFAULT CHARSET=utf8mb4 COLLATE=utf8mb4_0900_ai_ci COMMENT='系统访问记录';

-- ----------------------------
-- Records of sys_logininfor
-- ----------------------------
BEGIN;
INSERT INTO `sys_logininfor` (`info_id`, `user_name`, `ipaddr`, `login_location`, `browser`, `os`, `status`, `msg`, `login_time`) VALUES (100, 'admin', '127.0.0.1', '内网IP', 'Chrome 14', 'Mac OS X', '0', '登录成功', '2025-10-30 12:44:53');
INSERT INTO `sys_logininfor` (`info_id`, `user_name`, `ipaddr`, `login_location`, `browser`, `os`, `status`, `msg`, `login_time`) VALUES (101, 'admin', '127.0.0.1', '内网IP', 'Chrome 14', 'Mac OS X', '0', '登录成功', '2025-10-30 13:15:06');
INSERT INTO `sys_logininfor` (`info_id`, `user_name`, `ipaddr`, `login_location`, `browser`, `os`, `status`, `msg`, `login_time`) VALUES (102, 'admin', '127.0.0.1', '内网IP', 'Chrome 14', 'Mac OS X', '0', '退出成功', '2025-10-30 13:31:49');
INSERT INTO `sys_logininfor` (`info_id`, `user_name`, `ipaddr`, `login_location`, `browser`, `os`, `status`, `msg`, `login_time`) VALUES (103, 'admin', '127.0.0.1', '内网IP', 'Chrome 14', 'Mac OS X', '0', '登录成功', '2025-10-30 13:37:57');
INSERT INTO `sys_logininfor` (`info_id`, `user_name`, `ipaddr`, `login_location`, `browser`, `os`, `status`, `msg`, `login_time`) VALUES (104, 'admin', '127.0.0.1', '内网IP', 'Chrome 14', 'Mac OS X', '0', '退出成功', '2025-10-30 13:39:39');
INSERT INTO `sys_logininfor` (`info_id`, `user_name`, `ipaddr`, `login_location`, `browser`, `os`, `status`, `msg`, `login_time`) VALUES (105, 'admin', '127.0.0.1', '内网IP', 'Chrome 14', 'Mac OS X', '0', '登录成功', '2025-10-31 11:54:39');
INSERT INTO `sys_logininfor` (`info_id`, `user_name`, `ipaddr`, `login_location`, `browser`, `os`, `status`, `msg`, `login_time`) VALUES (106, 'admin', '127.0.0.1', '内网IP', 'Chrome 14', 'Mac OS X', '0', '退出成功', '2025-10-31 12:44:45');
INSERT INTO `sys_logininfor` (`info_id`, `user_name`, `ipaddr`, `login_location`, `browser`, `os`, `status`, `msg`, `login_time`) VALUES (107, 'admin', '127.0.0.1', '内网IP', 'Chrome 14', 'Mac OS X', '0', '登录成功', '2025-10-31 12:44:48');
INSERT INTO `sys_logininfor` (`info_id`, `user_name`, `ipaddr`, `login_location`, `browser`, `os`, `status`, `msg`, `login_time`) VALUES (108, 'admin', '127.0.0.1', '内网IP', 'Chrome 14', 'Mac OS X', '0', '登录成功', '2025-10-31 15:23:51');
INSERT INTO `sys_logininfor` (`info_id`, `user_name`, `ipaddr`, `login_location`, `browser`, `os`, `status`, `msg`, `login_time`) VALUES (109, 'admin', '127.0.0.1', '内网IP', 'Chrome 14', 'Mac OS X', '0', '登录成功', '2025-11-01 08:13:12');
INSERT INTO `sys_logininfor` (`info_id`, `user_name`, `ipaddr`, `login_location`, `browser`, `os`, `status`, `msg`, `login_time`) VALUES (110, 'admin', '127.0.0.1', '内网IP', 'Chrome 14', 'Mac OS X', '0', '登录成功', '2025-11-01 10:26:17');
INSERT INTO `sys_logininfor` (`info_id`, `user_name`, `ipaddr`, `login_location`, `browser`, `os`, `status`, `msg`, `login_time`) VALUES (111, 'admin', '127.0.0.1', '内网IP', 'Chrome 14', 'Mac OS X', '0', '登录成功', '2025-11-01 12:30:12');
INSERT INTO `sys_logininfor` (`info_id`, `user_name`, `ipaddr`, `login_location`, `browser`, `os`, `status`, `msg`, `login_time`) VALUES (112, 'admin', '127.0.0.1', '内网IP', 'Chrome 14', 'Mac OS X', '0', '登录成功', '2025-11-01 15:25:36');
COMMIT;

-- ----------------------------
-- Table structure for sys_menu
-- ----------------------------
DROP TABLE IF EXISTS `sys_menu`;
CREATE TABLE `sys_menu` (
  `menu_id` bigint NOT NULL AUTO_INCREMENT COMMENT '菜单ID',
  `menu_name` varchar(50) NOT NULL COMMENT '菜单名称',
  `parent_id` bigint DEFAULT '0' COMMENT '父菜单ID',
  `order_num` int DEFAULT '0' COMMENT '显示顺序',
  `path` varchar(200) DEFAULT '' COMMENT '路由地址',
  `component` varchar(255) DEFAULT NULL COMMENT '组件路径',
  `query` varchar(255) DEFAULT NULL COMMENT '路由参数',
  `route_name` varchar(50) DEFAULT '' COMMENT '路由名称',
  `is_frame` int DEFAULT '1' COMMENT '是否为外链（0是 1否）',
  `is_cache` int DEFAULT '0' COMMENT '是否缓存（0缓存 1不缓存）',
  `menu_type` char(1) DEFAULT '' COMMENT '菜单类型（M目录 C菜单 F按钮）',
  `visible` char(1) DEFAULT '0' COMMENT '菜单状态（0显示 1隐藏）',
  `status` char(1) DEFAULT '0' COMMENT '菜单状态（0正常 1停用）',
  `perms` varchar(100) DEFAULT NULL COMMENT '权限标识',
  `icon` varchar(100) DEFAULT '#' COMMENT '菜单图标',
  `create_by` varchar(64) DEFAULT '' COMMENT '创建者',
  `create_time` datetime DEFAULT NULL COMMENT '创建时间',
  `update_by` varchar(64) DEFAULT '' COMMENT '更新者',
  `update_time` datetime DEFAULT NULL COMMENT '更新时间',
  `remark` varchar(500) DEFAULT '' COMMENT '备注',
  PRIMARY KEY (`menu_id`)
) ENGINE=InnoDB AUTO_INCREMENT=2016 DEFAULT CHARSET=utf8mb4 COLLATE=utf8mb4_0900_ai_ci COMMENT='菜单权限表';

-- ----------------------------
-- Records of sys_menu
-- ----------------------------
BEGIN;
INSERT INTO `sys_menu` (`menu_id`, `menu_name`, `parent_id`, `order_num`, `path`, `component`, `query`, `route_name`, `is_frame`, `is_cache`, `menu_type`, `visible`, `status`, `perms`, `icon`, `create_by`, `create_time`, `update_by`, `update_time`, `remark`) VALUES (1, '系统管理', 0, 101, 'system', NULL, '', '', 1, 0, 'M', '0', '0', '', 'system', 'admin', '2025-10-30 12:07:48', 'admin', '2025-10-31 11:58:45', '系统管理目录');
INSERT INTO `sys_menu` (`menu_id`, `menu_name`, `parent_id`, `order_num`, `path`, `component`, `query`, `route_name`, `is_frame`, `is_cache`, `menu_type`, `visible`, `status`, `perms`, `icon`, `create_by`, `create_time`, `update_by`, `update_time`, `remark`) VALUES (2, '系统监控', 0, 102, 'monitor', NULL, '', '', 1, 0, 'M', '0', '0', '', 'monitor', 'admin', '2025-10-30 12:07:48', 'admin', '2025-10-31 11:59:01', '系统监控目录');
INSERT INTO `sys_menu` (`menu_id`, `menu_name`, `parent_id`, `order_num`, `path`, `component`, `query`, `route_name`, `is_frame`, `is_cache`, `menu_type`, `visible`, `status`, `perms`, `icon`, `create_by`, `create_time`, `update_by`, `update_time`, `remark`) VALUES (3, '系统工具', 0, 103, 'tool', NULL, '', '', 1, 0, 'M', '0', '0', '', 'tool', 'admin', '2025-10-30 12:07:48', 'admin', '2025-10-31 11:58:54', '系统工具目录');
INSERT INTO `sys_menu` (`menu_id`, `menu_name`, `parent_id`, `order_num`, `path`, `component`, `query`, `route_name`, `is_frame`, `is_cache`, `menu_type`, `visible`, `status`, `perms`, `icon`, `create_by`, `create_time`, `update_by`, `update_time`, `remark`) VALUES (4, '若依官网', 0, 104, 'http://ruoyi.vip', NULL, '', '', 0, 0, 'M', '0', '0', '', 'guide', 'admin', '2025-10-30 12:07:48', 'admin', '2025-10-31 11:59:06', '若依官网地址');
INSERT INTO `sys_menu` (`menu_id`, `menu_name`, `parent_id`, `order_num`, `path`, `component`, `query`, `route_name`, `is_frame`, `is_cache`, `menu_type`, `visible`, `status`, `perms`, `icon`, `create_by`, `create_time`, `update_by`, `update_time`, `remark`) VALUES (100, '用户管理', 1, 1, 'user', 'system/user/index', '', '', 1, 0, 'C', '0', '0', 'system:user:list', 'user', 'admin', '2025-10-30 12:07:48', '', NULL, '用户管理菜单');
INSERT INTO `sys_menu` (`menu_id`, `menu_name`, `parent_id`, `order_num`, `path`, `component`, `query`, `route_name`, `is_frame`, `is_cache`, `menu_type`, `visible`, `status`, `perms`, `icon`, `create_by`, `create_time`, `update_by`, `update_time`, `remark`) VALUES (101, '角色管理', 1, 2, 'role', 'system/role/index', '', '', 1, 0, 'C', '0', '0', 'system:role:list', 'peoples', 'admin', '2025-10-30 12:07:48', '', NULL, '角色管理菜单');
INSERT INTO `sys_menu` (`menu_id`, `menu_name`, `parent_id`, `order_num`, `path`, `component`, `query`, `route_name`, `is_frame`, `is_cache`, `menu_type`, `visible`, `status`, `perms`, `icon`, `create_by`, `create_time`, `update_by`, `update_time`, `remark`) VALUES (102, '菜单管理', 1, 3, 'menu', 'system/menu/index', '', '', 1, 0, 'C', '0', '0', 'system:menu:list', 'tree-table', 'admin', '2025-10-30 12:07:48', '', NULL, '菜单管理菜单');
INSERT INTO `sys_menu` (`menu_id`, `menu_name`, `parent_id`, `order_num`, `path`, `component`, `query`, `route_name`, `is_frame`, `is_cache`, `menu_type`, `visible`, `status`, `perms`, `icon`, `create_by`, `create_time`, `update_by`, `update_time`, `remark`) VALUES (103, '部门管理', 1, 4, 'dept', 'system/dept/index', '', '', 1, 0, 'C', '0', '0', 'system:dept:list', 'tree', 'admin', '2025-10-30 12:07:48', '', NULL, '部门管理菜单');
INSERT INTO `sys_menu` (`menu_id`, `menu_name`, `parent_id`, `order_num`, `path`, `component`, `query`, `route_name`, `is_frame`, `is_cache`, `menu_type`, `visible`, `status`, `perms`, `icon`, `create_by`, `create_time`, `update_by`, `update_time`, `remark`) VALUES (104, '岗位管理', 1, 5, 'post', 'system/post/index', '', '', 1, 0, 'C', '0', '0', 'system:post:list', 'post', 'admin', '2025-10-30 12:07:48', '', NULL, '岗位管理菜单');
INSERT INTO `sys_menu` (`menu_id`, `menu_name`, `parent_id`, `order_num`, `path`, `component`, `query`, `route_name`, `is_frame`, `is_cache`, `menu_type`, `visible`, `status`, `perms`, `icon`, `create_by`, `create_time`, `update_by`, `update_time`, `remark`) VALUES (105, '字典管理', 1, 6, 'dict', 'system/dict/index', '', '', 1, 0, 'C', '0', '0', 'system:dict:list', 'dict', 'admin', '2025-10-30 12:07:48', '', NULL, '字典管理菜单');
INSERT INTO `sys_menu` (`menu_id`, `menu_name`, `parent_id`, `order_num`, `path`, `component`, `query`, `route_name`, `is_frame`, `is_cache`, `menu_type`, `visible`, `status`, `perms`, `icon`, `create_by`, `create_time`, `update_by`, `update_time`, `remark`) VALUES (106, '参数设置', 1, 7, 'config', 'system/config/index', '', '', 1, 0, 'C', '0', '0', 'system:config:list', 'edit', 'admin', '2025-10-30 12:07:48', '', NULL, '参数设置菜单');
INSERT INTO `sys_menu` (`menu_id`, `menu_name`, `parent_id`, `order_num`, `path`, `component`, `query`, `route_name`, `is_frame`, `is_cache`, `menu_type`, `visible`, `status`, `perms`, `icon`, `create_by`, `create_time`, `update_by`, `update_time`, `remark`) VALUES (107, '通知公告', 1, 8, 'notice', 'system/notice/index', '', '', 1, 0, 'C', '0', '0', 'system:notice:list', 'message', 'admin', '2025-10-30 12:07:48', '', NULL, '通知公告菜单');
INSERT INTO `sys_menu` (`menu_id`, `menu_name`, `parent_id`, `order_num`, `path`, `component`, `query`, `route_name`, `is_frame`, `is_cache`, `menu_type`, `visible`, `status`, `perms`, `icon`, `create_by`, `create_time`, `update_by`, `update_time`, `remark`) VALUES (108, '日志管理', 1, 9, 'log', '', '', '', 1, 0, 'M', '0', '0', '', 'log', 'admin', '2025-10-30 12:07:48', '', NULL, '日志管理菜单');
INSERT INTO `sys_menu` (`menu_id`, `menu_name`, `parent_id`, `order_num`, `path`, `component`, `query`, `route_name`, `is_frame`, `is_cache`, `menu_type`, `visible`, `status`, `perms`, `icon`, `create_by`, `create_time`, `update_by`, `update_time`, `remark`) VALUES (109, '在线用户', 2, 1, 'online', 'monitor/online/index', '', '', 1, 0, 'C', '0', '0', 'monitor:online:list', 'online', 'admin', '2025-10-30 12:07:48', '', NULL, '在线用户菜单');
INSERT INTO `sys_menu` (`menu_id`, `menu_name`, `parent_id`, `order_num`, `path`, `component`, `query`, `route_name`, `is_frame`, `is_cache`, `menu_type`, `visible`, `status`, `perms`, `icon`, `create_by`, `create_time`, `update_by`, `update_time`, `remark`) VALUES (110, '定时任务', 2, 2, 'job', 'monitor/job/index', '', '', 1, 0, 'C', '0', '0', 'monitor:job:list', 'job', 'admin', '2025-10-30 12:07:48', '', NULL, '定时任务菜单');
INSERT INTO `sys_menu` (`menu_id`, `menu_name`, `parent_id`, `order_num`, `path`, `component`, `query`, `route_name`, `is_frame`, `is_cache`, `menu_type`, `visible`, `status`, `perms`, `icon`, `create_by`, `create_time`, `update_by`, `update_time`, `remark`) VALUES (111, '数据监控', 2, 3, 'druid', 'monitor/druid/index', '', '', 1, 0, 'C', '0', '0', 'monitor:druid:list', 'druid', 'admin', '2025-10-30 12:07:48', '', NULL, '数据监控菜单');
INSERT INTO `sys_menu` (`menu_id`, `menu_name`, `parent_id`, `order_num`, `path`, `component`, `query`, `route_name`, `is_frame`, `is_cache`, `menu_type`, `visible`, `status`, `perms`, `icon`, `create_by`, `create_time`, `update_by`, `update_time`, `remark`) VALUES (112, '服务监控', 2, 4, 'server', 'monitor/server/index', '', '', 1, 0, 'C', '0', '0', 'monitor:server:list', 'server', 'admin', '2025-10-30 12:07:48', '', NULL, '服务监控菜单');
INSERT INTO `sys_menu` (`menu_id`, `menu_name`, `parent_id`, `order_num`, `path`, `component`, `query`, `route_name`, `is_frame`, `is_cache`, `menu_type`, `visible`, `status`, `perms`, `icon`, `create_by`, `create_time`, `update_by`, `update_time`, `remark`) VALUES (113, '缓存监控', 2, 5, 'cache', 'monitor/cache/index', '', '', 1, 0, 'C', '0', '0', 'monitor:cache:list', 'redis', 'admin', '2025-10-30 12:07:48', '', NULL, '缓存监控菜单');
INSERT INTO `sys_menu` (`menu_id`, `menu_name`, `parent_id`, `order_num`, `path`, `component`, `query`, `route_name`, `is_frame`, `is_cache`, `menu_type`, `visible`, `status`, `perms`, `icon`, `create_by`, `create_time`, `update_by`, `update_time`, `remark`) VALUES (114, '缓存列表', 2, 6, 'cacheList', 'monitor/cache/list', '', '', 1, 0, 'C', '0', '0', 'monitor:cache:list', 'redis-list', 'admin', '2025-10-30 12:07:48', '', NULL, '缓存列表菜单');
INSERT INTO `sys_menu` (`menu_id`, `menu_name`, `parent_id`, `order_num`, `path`, `component`, `query`, `route_name`, `is_frame`, `is_cache`, `menu_type`, `visible`, `status`, `perms`, `icon`, `create_by`, `create_time`, `update_by`, `update_time`, `remark`) VALUES (115, '表单构建', 3, 1, 'build', 'tool/build/index', '', '', 1, 0, 'C', '0', '0', 'tool:build:list', 'build', 'admin', '2025-10-30 12:07:48', '', NULL, '表单构建菜单');
INSERT INTO `sys_menu` (`menu_id`, `menu_name`, `parent_id`, `order_num`, `path`, `component`, `query`, `route_name`, `is_frame`, `is_cache`, `menu_type`, `visible`, `status`, `perms`, `icon`, `create_by`, `create_time`, `update_by`, `update_time`, `remark`) VALUES (116, '代码生成', 3, 2, 'gen', 'tool/gen/index', '', '', 1, 0, 'C', '0', '0', 'tool:gen:list', 'code', 'admin', '2025-10-30 12:07:48', '', NULL, '代码生成菜单');
INSERT INTO `sys_menu` (`menu_id`, `menu_name`, `parent_id`, `order_num`, `path`, `component`, `query`, `route_name`, `is_frame`, `is_cache`, `menu_type`, `visible`, `status`, `perms`, `icon`, `create_by`, `create_time`, `update_by`, `update_time`, `remark`) VALUES (117, '系统接口', 3, 3, 'swagger', 'tool/swagger/index', '', '', 1, 0, 'C', '0', '0', 'tool:swagger:list', 'swagger', 'admin', '2025-10-30 12:07:48', '', NULL, '系统接口菜单');
INSERT INTO `sys_menu` (`menu_id`, `menu_name`, `parent_id`, `order_num`, `path`, `component`, `query`, `route_name`, `is_frame`, `is_cache`, `menu_type`, `visible`, `status`, `perms`, `icon`, `create_by`, `create_time`, `update_by`, `update_time`, `remark`) VALUES (500, '操作日志', 108, 1, 'operlog', 'monitor/operlog/index', '', '', 1, 0, 'C', '0', '0', 'monitor:operlog:list', 'form', 'admin', '2025-10-30 12:07:48', '', NULL, '操作日志菜单');
INSERT INTO `sys_menu` (`menu_id`, `menu_name`, `parent_id`, `order_num`, `path`, `component`, `query`, `route_name`, `is_frame`, `is_cache`, `menu_type`, `visible`, `status`, `perms`, `icon`, `create_by`, `create_time`, `update_by`, `update_time`, `remark`) VALUES (501, '登录日志', 108, 2, 'logininfor', 'monitor/logininfor/index', '', '', 1, 0, 'C', '0', '0', 'monitor:logininfor:list', 'logininfor', 'admin', '2025-10-30 12:07:48', '', NULL, '登录日志菜单');
INSERT INTO `sys_menu` (`menu_id`, `menu_name`, `parent_id`, `order_num`, `path`, `component`, `query`, `route_name`, `is_frame`, `is_cache`, `menu_type`, `visible`, `status`, `perms`, `icon`, `create_by`, `create_time`, `update_by`, `update_time`, `remark`) VALUES (1000, '用户查询', 100, 1, '', '', '', '', 1, 0, 'F', '0', '0', 'system:user:query', '#', 'admin', '2025-10-30 12:07:48', '', NULL, '');
INSERT INTO `sys_menu` (`menu_id`, `menu_name`, `parent_id`, `order_num`, `path`, `component`, `query`, `route_name`, `is_frame`, `is_cache`, `menu_type`, `visible`, `status`, `perms`, `icon`, `create_by`, `create_time`, `update_by`, `update_time`, `remark`) VALUES (1001, '用户新增', 100, 2, '', '', '', '', 1, 0, 'F', '0', '0', 'system:user:add', '#', 'admin', '2025-10-30 12:07:48', '', NULL, '');
INSERT INTO `sys_menu` (`menu_id`, `menu_name`, `parent_id`, `order_num`, `path`, `component`, `query`, `route_name`, `is_frame`, `is_cache`, `menu_type`, `visible`, `status`, `perms`, `icon`, `create_by`, `create_time`, `update_by`, `update_time`, `remark`) VALUES (1002, '用户修改', 100, 3, '', '', '', '', 1, 0, 'F', '0', '0', 'system:user:edit', '#', 'admin', '2025-10-30 12:07:48', '', NULL, '');
INSERT INTO `sys_menu` (`menu_id`, `menu_name`, `parent_id`, `order_num`, `path`, `component`, `query`, `route_name`, `is_frame`, `is_cache`, `menu_type`, `visible`, `status`, `perms`, `icon`, `create_by`, `create_time`, `update_by`, `update_time`, `remark`) VALUES (1003, '用户删除', 100, 4, '', '', '', '', 1, 0, 'F', '0', '0', 'system:user:remove', '#', 'admin', '2025-10-30 12:07:48', '', NULL, '');
INSERT INTO `sys_menu` (`menu_id`, `menu_name`, `parent_id`, `order_num`, `path`, `component`, `query`, `route_name`, `is_frame`, `is_cache`, `menu_type`, `visible`, `status`, `perms`, `icon`, `create_by`, `create_time`, `update_by`, `update_time`, `remark`) VALUES (1004, '用户导出', 100, 5, '', '', '', '', 1, 0, 'F', '0', '0', 'system:user:export', '#', 'admin', '2025-10-30 12:07:48', '', NULL, '');
INSERT INTO `sys_menu` (`menu_id`, `menu_name`, `parent_id`, `order_num`, `path`, `component`, `query`, `route_name`, `is_frame`, `is_cache`, `menu_type`, `visible`, `status`, `perms`, `icon`, `create_by`, `create_time`, `update_by`, `update_time`, `remark`) VALUES (1005, '用户导入', 100, 6, '', '', '', '', 1, 0, 'F', '0', '0', 'system:user:import', '#', 'admin', '2025-10-30 12:07:48', '', NULL, '');
INSERT INTO `sys_menu` (`menu_id`, `menu_name`, `parent_id`, `order_num`, `path`, `component`, `query`, `route_name`, `is_frame`, `is_cache`, `menu_type`, `visible`, `status`, `perms`, `icon`, `create_by`, `create_time`, `update_by`, `update_time`, `remark`) VALUES (1006, '重置密码', 100, 7, '', '', '', '', 1, 0, 'F', '0', '0', 'system:user:resetPwd', '#', 'admin', '2025-10-30 12:07:48', '', NULL, '');
INSERT INTO `sys_menu` (`menu_id`, `menu_name`, `parent_id`, `order_num`, `path`, `component`, `query`, `route_name`, `is_frame`, `is_cache`, `menu_type`, `visible`, `status`, `perms`, `icon`, `create_by`, `create_time`, `update_by`, `update_time`, `remark`) VALUES (1007, '角色查询', 101, 1, '', '', '', '', 1, 0, 'F', '0', '0', 'system:role:query', '#', 'admin', '2025-10-30 12:07:48', '', NULL, '');
INSERT INTO `sys_menu` (`menu_id`, `menu_name`, `parent_id`, `order_num`, `path`, `component`, `query`, `route_name`, `is_frame`, `is_cache`, `menu_type`, `visible`, `status`, `perms`, `icon`, `create_by`, `create_time`, `update_by`, `update_time`, `remark`) VALUES (1008, '角色新增', 101, 2, '', '', '', '', 1, 0, 'F', '0', '0', 'system:role:add', '#', 'admin', '2025-10-30 12:07:48', '', NULL, '');
INSERT INTO `sys_menu` (`menu_id`, `menu_name`, `parent_id`, `order_num`, `path`, `component`, `query`, `route_name`, `is_frame`, `is_cache`, `menu_type`, `visible`, `status`, `perms`, `icon`, `create_by`, `create_time`, `update_by`, `update_time`, `remark`) VALUES (1009, '角色修改', 101, 3, '', '', '', '', 1, 0, 'F', '0', '0', 'system:role:edit', '#', 'admin', '2025-10-30 12:07:48', '', NULL, '');
INSERT INTO `sys_menu` (`menu_id`, `menu_name`, `parent_id`, `order_num`, `path`, `component`, `query`, `route_name`, `is_frame`, `is_cache`, `menu_type`, `visible`, `status`, `perms`, `icon`, `create_by`, `create_time`, `update_by`, `update_time`, `remark`) VALUES (1010, '角色删除', 101, 4, '', '', '', '', 1, 0, 'F', '0', '0', 'system:role:remove', '#', 'admin', '2025-10-30 12:07:48', '', NULL, '');
INSERT INTO `sys_menu` (`menu_id`, `menu_name`, `parent_id`, `order_num`, `path`, `component`, `query`, `route_name`, `is_frame`, `is_cache`, `menu_type`, `visible`, `status`, `perms`, `icon`, `create_by`, `create_time`, `update_by`, `update_time`, `remark`) VALUES (1011, '角色导出', 101, 5, '', '', '', '', 1, 0, 'F', '0', '0', 'system:role:export', '#', 'admin', '2025-10-30 12:07:48', '', NULL, '');
INSERT INTO `sys_menu` (`menu_id`, `menu_name`, `parent_id`, `order_num`, `path`, `component`, `query`, `route_name`, `is_frame`, `is_cache`, `menu_type`, `visible`, `status`, `perms`, `icon`, `create_by`, `create_time`, `update_by`, `update_time`, `remark`) VALUES (1012, '菜单查询', 102, 1, '', '', '', '', 1, 0, 'F', '0', '0', 'system:menu:query', '#', 'admin', '2025-10-30 12:07:48', '', NULL, '');
INSERT INTO `sys_menu` (`menu_id`, `menu_name`, `parent_id`, `order_num`, `path`, `component`, `query`, `route_name`, `is_frame`, `is_cache`, `menu_type`, `visible`, `status`, `perms`, `icon`, `create_by`, `create_time`, `update_by`, `update_time`, `remark`) VALUES (1013, '菜单新增', 102, 2, '', '', '', '', 1, 0, 'F', '0', '0', 'system:menu:add', '#', 'admin', '2025-10-30 12:07:48', '', NULL, '');
INSERT INTO `sys_menu` (`menu_id`, `menu_name`, `parent_id`, `order_num`, `path`, `component`, `query`, `route_name`, `is_frame`, `is_cache`, `menu_type`, `visible`, `status`, `perms`, `icon`, `create_by`, `create_time`, `update_by`, `update_time`, `remark`) VALUES (1014, '菜单修改', 102, 3, '', '', '', '', 1, 0, 'F', '0', '0', 'system:menu:edit', '#', 'admin', '2025-10-30 12:07:48', '', NULL, '');
INSERT INTO `sys_menu` (`menu_id`, `menu_name`, `parent_id`, `order_num`, `path`, `component`, `query`, `route_name`, `is_frame`, `is_cache`, `menu_type`, `visible`, `status`, `perms`, `icon`, `create_by`, `create_time`, `update_by`, `update_time`, `remark`) VALUES (1015, '菜单删除', 102, 4, '', '', '', '', 1, 0, 'F', '0', '0', 'system:menu:remove', '#', 'admin', '2025-10-30 12:07:48', '', NULL, '');
INSERT INTO `sys_menu` (`menu_id`, `menu_name`, `parent_id`, `order_num`, `path`, `component`, `query`, `route_name`, `is_frame`, `is_cache`, `menu_type`, `visible`, `status`, `perms`, `icon`, `create_by`, `create_time`, `update_by`, `update_time`, `remark`) VALUES (1016, '部门查询', 103, 1, '', '', '', '', 1, 0, 'F', '0', '0', 'system:dept:query', '#', 'admin', '2025-10-30 12:07:48', '', NULL, '');
INSERT INTO `sys_menu` (`menu_id`, `menu_name`, `parent_id`, `order_num`, `path`, `component`, `query`, `route_name`, `is_frame`, `is_cache`, `menu_type`, `visible`, `status`, `perms`, `icon`, `create_by`, `create_time`, `update_by`, `update_time`, `remark`) VALUES (1017, '部门新增', 103, 2, '', '', '', '', 1, 0, 'F', '0', '0', 'system:dept:add', '#', 'admin', '2025-10-30 12:07:48', '', NULL, '');
INSERT INTO `sys_menu` (`menu_id`, `menu_name`, `parent_id`, `order_num`, `path`, `component`, `query`, `route_name`, `is_frame`, `is_cache`, `menu_type`, `visible`, `status`, `perms`, `icon`, `create_by`, `create_time`, `update_by`, `update_time`, `remark`) VALUES (1018, '部门修改', 103, 3, '', '', '', '', 1, 0, 'F', '0', '0', 'system:dept:edit', '#', 'admin', '2025-10-30 12:07:48', '', NULL, '');
INSERT INTO `sys_menu` (`menu_id`, `menu_name`, `parent_id`, `order_num`, `path`, `component`, `query`, `route_name`, `is_frame`, `is_cache`, `menu_type`, `visible`, `status`, `perms`, `icon`, `create_by`, `create_time`, `update_by`, `update_time`, `remark`) VALUES (1019, '部门删除', 103, 4, '', '', '', '', 1, 0, 'F', '0', '0', 'system:dept:remove', '#', 'admin', '2025-10-30 12:07:48', '', NULL, '');
INSERT INTO `sys_menu` (`menu_id`, `menu_name`, `parent_id`, `order_num`, `path`, `component`, `query`, `route_name`, `is_frame`, `is_cache`, `menu_type`, `visible`, `status`, `perms`, `icon`, `create_by`, `create_time`, `update_by`, `update_time`, `remark`) VALUES (1020, '岗位查询', 104, 1, '', '', '', '', 1, 0, 'F', '0', '0', 'system:post:query', '#', 'admin', '2025-10-30 12:07:48', '', NULL, '');
INSERT INTO `sys_menu` (`menu_id`, `menu_name`, `parent_id`, `order_num`, `path`, `component`, `query`, `route_name`, `is_frame`, `is_cache`, `menu_type`, `visible`, `status`, `perms`, `icon`, `create_by`, `create_time`, `update_by`, `update_time`, `remark`) VALUES (1021, '岗位新增', 104, 2, '', '', '', '', 1, 0, 'F', '0', '0', 'system:post:add', '#', 'admin', '2025-10-30 12:07:48', '', NULL, '');
INSERT INTO `sys_menu` (`menu_id`, `menu_name`, `parent_id`, `order_num`, `path`, `component`, `query`, `route_name`, `is_frame`, `is_cache`, `menu_type`, `visible`, `status`, `perms`, `icon`, `create_by`, `create_time`, `update_by`, `update_time`, `remark`) VALUES (1022, '岗位修改', 104, 3, '', '', '', '', 1, 0, 'F', '0', '0', 'system:post:edit', '#', 'admin', '2025-10-30 12:07:48', '', NULL, '');
INSERT INTO `sys_menu` (`menu_id`, `menu_name`, `parent_id`, `order_num`, `path`, `component`, `query`, `route_name`, `is_frame`, `is_cache`, `menu_type`, `visible`, `status`, `perms`, `icon`, `create_by`, `create_time`, `update_by`, `update_time`, `remark`) VALUES (1023, '岗位删除', 104, 4, '', '', '', '', 1, 0, 'F', '0', '0', 'system:post:remove', '#', 'admin', '2025-10-30 12:07:48', '', NULL, '');
INSERT INTO `sys_menu` (`menu_id`, `menu_name`, `parent_id`, `order_num`, `path`, `component`, `query`, `route_name`, `is_frame`, `is_cache`, `menu_type`, `visible`, `status`, `perms`, `icon`, `create_by`, `create_time`, `update_by`, `update_time`, `remark`) VALUES (1024, '岗位导出', 104, 5, '', '', '', '', 1, 0, 'F', '0', '0', 'system:post:export', '#', 'admin', '2025-10-30 12:07:48', '', NULL, '');
INSERT INTO `sys_menu` (`menu_id`, `menu_name`, `parent_id`, `order_num`, `path`, `component`, `query`, `route_name`, `is_frame`, `is_cache`, `menu_type`, `visible`, `status`, `perms`, `icon`, `create_by`, `create_time`, `update_by`, `update_time`, `remark`) VALUES (1025, '字典查询', 105, 1, '#', '', '', '', 1, 0, 'F', '0', '0', 'system:dict:query', '#', 'admin', '2025-10-30 12:07:48', '', NULL, '');
INSERT INTO `sys_menu` (`menu_id`, `menu_name`, `parent_id`, `order_num`, `path`, `component`, `query`, `route_name`, `is_frame`, `is_cache`, `menu_type`, `visible`, `status`, `perms`, `icon`, `create_by`, `create_time`, `update_by`, `update_time`, `remark`) VALUES (1026, '字典新增', 105, 2, '#', '', '', '', 1, 0, 'F', '0', '0', 'system:dict:add', '#', 'admin', '2025-10-30 12:07:48', '', NULL, '');
INSERT INTO `sys_menu` (`menu_id`, `menu_name`, `parent_id`, `order_num`, `path`, `component`, `query`, `route_name`, `is_frame`, `is_cache`, `menu_type`, `visible`, `status`, `perms`, `icon`, `create_by`, `create_time`, `update_by`, `update_time`, `remark`) VALUES (1027, '字典修改', 105, 3, '#', '', '', '', 1, 0, 'F', '0', '0', 'system:dict:edit', '#', 'admin', '2025-10-30 12:07:48', '', NULL, '');
INSERT INTO `sys_menu` (`menu_id`, `menu_name`, `parent_id`, `order_num`, `path`, `component`, `query`, `route_name`, `is_frame`, `is_cache`, `menu_type`, `visible`, `status`, `perms`, `icon`, `create_by`, `create_time`, `update_by`, `update_time`, `remark`) VALUES (1028, '字典删除', 105, 4, '#', '', '', '', 1, 0, 'F', '0', '0', 'system:dict:remove', '#', 'admin', '2025-10-30 12:07:48', '', NULL, '');
INSERT INTO `sys_menu` (`menu_id`, `menu_name`, `parent_id`, `order_num`, `path`, `component`, `query`, `route_name`, `is_frame`, `is_cache`, `menu_type`, `visible`, `status`, `perms`, `icon`, `create_by`, `create_time`, `update_by`, `update_time`, `remark`) VALUES (1029, '字典导出', 105, 5, '#', '', '', '', 1, 0, 'F', '0', '0', 'system:dict:export', '#', 'admin', '2025-10-30 12:07:48', '', NULL, '');
INSERT INTO `sys_menu` (`menu_id`, `menu_name`, `parent_id`, `order_num`, `path`, `component`, `query`, `route_name`, `is_frame`, `is_cache`, `menu_type`, `visible`, `status`, `perms`, `icon`, `create_by`, `create_time`, `update_by`, `update_time`, `remark`) VALUES (1030, '参数查询', 106, 1, '#', '', '', '', 1, 0, 'F', '0', '0', 'system:config:query', '#', 'admin', '2025-10-30 12:07:48', '', NULL, '');
INSERT INTO `sys_menu` (`menu_id`, `menu_name`, `parent_id`, `order_num`, `path`, `component`, `query`, `route_name`, `is_frame`, `is_cache`, `menu_type`, `visible`, `status`, `perms`, `icon`, `create_by`, `create_time`, `update_by`, `update_time`, `remark`) VALUES (1031, '参数新增', 106, 2, '#', '', '', '', 1, 0, 'F', '0', '0', 'system:config:add', '#', 'admin', '2025-10-30 12:07:48', '', NULL, '');
INSERT INTO `sys_menu` (`menu_id`, `menu_name`, `parent_id`, `order_num`, `path`, `component`, `query`, `route_name`, `is_frame`, `is_cache`, `menu_type`, `visible`, `status`, `perms`, `icon`, `create_by`, `create_time`, `update_by`, `update_time`, `remark`) VALUES (1032, '参数修改', 106, 3, '#', '', '', '', 1, 0, 'F', '0', '0', 'system:config:edit', '#', 'admin', '2025-10-30 12:07:48', '', NULL, '');
INSERT INTO `sys_menu` (`menu_id`, `menu_name`, `parent_id`, `order_num`, `path`, `component`, `query`, `route_name`, `is_frame`, `is_cache`, `menu_type`, `visible`, `status`, `perms`, `icon`, `create_by`, `create_time`, `update_by`, `update_time`, `remark`) VALUES (1033, '参数删除', 106, 4, '#', '', '', '', 1, 0, 'F', '0', '0', 'system:config:remove', '#', 'admin', '2025-10-30 12:07:48', '', NULL, '');
INSERT INTO `sys_menu` (`menu_id`, `menu_name`, `parent_id`, `order_num`, `path`, `component`, `query`, `route_name`, `is_frame`, `is_cache`, `menu_type`, `visible`, `status`, `perms`, `icon`, `create_by`, `create_time`, `update_by`, `update_time`, `remark`) VALUES (1034, '参数导出', 106, 5, '#', '', '', '', 1, 0, 'F', '0', '0', 'system:config:export', '#', 'admin', '2025-10-30 12:07:48', '', NULL, '');
INSERT INTO `sys_menu` (`menu_id`, `menu_name`, `parent_id`, `order_num`, `path`, `component`, `query`, `route_name`, `is_frame`, `is_cache`, `menu_type`, `visible`, `status`, `perms`, `icon`, `create_by`, `create_time`, `update_by`, `update_time`, `remark`) VALUES (1035, '公告查询', 107, 1, '#', '', '', '', 1, 0, 'F', '0', '0', 'system:notice:query', '#', 'admin', '2025-10-30 12:07:48', '', NULL, '');
INSERT INTO `sys_menu` (`menu_id`, `menu_name`, `parent_id`, `order_num`, `path`, `component`, `query`, `route_name`, `is_frame`, `is_cache`, `menu_type`, `visible`, `status`, `perms`, `icon`, `create_by`, `create_time`, `update_by`, `update_time`, `remark`) VALUES (1036, '公告新增', 107, 2, '#', '', '', '', 1, 0, 'F', '0', '0', 'system:notice:add', '#', 'admin', '2025-10-30 12:07:48', '', NULL, '');
INSERT INTO `sys_menu` (`menu_id`, `menu_name`, `parent_id`, `order_num`, `path`, `component`, `query`, `route_name`, `is_frame`, `is_cache`, `menu_type`, `visible`, `status`, `perms`, `icon`, `create_by`, `create_time`, `update_by`, `update_time`, `remark`) VALUES (1037, '公告修改', 107, 3, '#', '', '', '', 1, 0, 'F', '0', '0', 'system:notice:edit', '#', 'admin', '2025-10-30 12:07:48', '', NULL, '');
INSERT INTO `sys_menu` (`menu_id`, `menu_name`, `parent_id`, `order_num`, `path`, `component`, `query`, `route_name`, `is_frame`, `is_cache`, `menu_type`, `visible`, `status`, `perms`, `icon`, `create_by`, `create_time`, `update_by`, `update_time`, `remark`) VALUES (1038, '公告删除', 107, 4, '#', '', '', '', 1, 0, 'F', '0', '0', 'system:notice:remove', '#', 'admin', '2025-10-30 12:07:48', '', NULL, '');
INSERT INTO `sys_menu` (`menu_id`, `menu_name`, `parent_id`, `order_num`, `path`, `component`, `query`, `route_name`, `is_frame`, `is_cache`, `menu_type`, `visible`, `status`, `perms`, `icon`, `create_by`, `create_time`, `update_by`, `update_time`, `remark`) VALUES (1039, '操作查询', 500, 1, '#', '', '', '', 1, 0, 'F', '0', '0', 'monitor:operlog:query', '#', 'admin', '2025-10-30 12:07:48', '', NULL, '');
INSERT INTO `sys_menu` (`menu_id`, `menu_name`, `parent_id`, `order_num`, `path`, `component`, `query`, `route_name`, `is_frame`, `is_cache`, `menu_type`, `visible`, `status`, `perms`, `icon`, `create_by`, `create_time`, `update_by`, `update_time`, `remark`) VALUES (1040, '操作删除', 500, 2, '#', '', '', '', 1, 0, 'F', '0', '0', 'monitor:operlog:remove', '#', 'admin', '2025-10-30 12:07:48', '', NULL, '');
INSERT INTO `sys_menu` (`menu_id`, `menu_name`, `parent_id`, `order_num`, `path`, `component`, `query`, `route_name`, `is_frame`, `is_cache`, `menu_type`, `visible`, `status`, `perms`, `icon`, `create_by`, `create_time`, `update_by`, `update_time`, `remark`) VALUES (1041, '日志导出', 500, 3, '#', '', '', '', 1, 0, 'F', '0', '0', 'monitor:operlog:export', '#', 'admin', '2025-10-30 12:07:48', '', NULL, '');
INSERT INTO `sys_menu` (`menu_id`, `menu_name`, `parent_id`, `order_num`, `path`, `component`, `query`, `route_name`, `is_frame`, `is_cache`, `menu_type`, `visible`, `status`, `perms`, `icon`, `create_by`, `create_time`, `update_by`, `update_time`, `remark`) VALUES (1042, '登录查询', 501, 1, '#', '', '', '', 1, 0, 'F', '0', '0', 'monitor:logininfor:query', '#', 'admin', '2025-10-30 12:07:48', '', NULL, '');
INSERT INTO `sys_menu` (`menu_id`, `menu_name`, `parent_id`, `order_num`, `path`, `component`, `query`, `route_name`, `is_frame`, `is_cache`, `menu_type`, `visible`, `status`, `perms`, `icon`, `create_by`, `create_time`, `update_by`, `update_time`, `remark`) VALUES (1043, '登录删除', 501, 2, '#', '', '', '', 1, 0, 'F', '0', '0', 'monitor:logininfor:remove', '#', 'admin', '2025-10-30 12:07:48', '', NULL, '');
INSERT INTO `sys_menu` (`menu_id`, `menu_name`, `parent_id`, `order_num`, `path`, `component`, `query`, `route_name`, `is_frame`, `is_cache`, `menu_type`, `visible`, `status`, `perms`, `icon`, `create_by`, `create_time`, `update_by`, `update_time`, `remark`) VALUES (1044, '日志导出', 501, 3, '#', '', '', '', 1, 0, 'F', '0', '0', 'monitor:logininfor:export', '#', 'admin', '2025-10-30 12:07:48', '', NULL, '');
INSERT INTO `sys_menu` (`menu_id`, `menu_name`, `parent_id`, `order_num`, `path`, `component`, `query`, `route_name`, `is_frame`, `is_cache`, `menu_type`, `visible`, `status`, `perms`, `icon`, `create_by`, `create_time`, `update_by`, `update_time`, `remark`) VALUES (1045, '账户解锁', 501, 4, '#', '', '', '', 1, 0, 'F', '0', '0', 'monitor:logininfor:unlock', '#', 'admin', '2025-10-30 12:07:48', '', NULL, '');
INSERT INTO `sys_menu` (`menu_id`, `menu_name`, `parent_id`, `order_num`, `path`, `component`, `query`, `route_name`, `is_frame`, `is_cache`, `menu_type`, `visible`, `status`, `perms`, `icon`, `create_by`, `create_time`, `update_by`, `update_time`, `remark`) VALUES (1046, '在线查询', 109, 1, '#', '', '', '', 1, 0, 'F', '0', '0', 'monitor:online:query', '#', 'admin', '2025-10-30 12:07:48', '', NULL, '');
INSERT INTO `sys_menu` (`menu_id`, `menu_name`, `parent_id`, `order_num`, `path`, `component`, `query`, `route_name`, `is_frame`, `is_cache`, `menu_type`, `visible`, `status`, `perms`, `icon`, `create_by`, `create_time`, `update_by`, `update_time`, `remark`) VALUES (1047, '批量强退', 109, 2, '#', '', '', '', 1, 0, 'F', '0', '0', 'monitor:online:batchLogout', '#', 'admin', '2025-10-30 12:07:48', '', NULL, '');
INSERT INTO `sys_menu` (`menu_id`, `menu_name`, `parent_id`, `order_num`, `path`, `component`, `query`, `route_name`, `is_frame`, `is_cache`, `menu_type`, `visible`, `status`, `perms`, `icon`, `create_by`, `create_time`, `update_by`, `update_time`, `remark`) VALUES (1048, '单条强退', 109, 3, '#', '', '', '', 1, 0, 'F', '0', '0', 'monitor:online:forceLogout', '#', 'admin', '2025-10-30 12:07:48', '', NULL, '');
INSERT INTO `sys_menu` (`menu_id`, `menu_name`, `parent_id`, `order_num`, `path`, `component`, `query`, `route_name`, `is_frame`, `is_cache`, `menu_type`, `visible`, `status`, `perms`, `icon`, `create_by`, `create_time`, `update_by`, `update_time`, `remark`) VALUES (1049, '任务查询', 110, 1, '#', '', '', '', 1, 0, 'F', '0', '0', 'monitor:job:query', '#', 'admin', '2025-10-30 12:07:48', '', NULL, '');
INSERT INTO `sys_menu` (`menu_id`, `menu_name`, `parent_id`, `order_num`, `path`, `component`, `query`, `route_name`, `is_frame`, `is_cache`, `menu_type`, `visible`, `status`, `perms`, `icon`, `create_by`, `create_time`, `update_by`, `update_time`, `remark`) VALUES (1050, '任务新增', 110, 2, '#', '', '', '', 1, 0, 'F', '0', '0', 'monitor:job:add', '#', 'admin', '2025-10-30 12:07:48', '', NULL, '');
INSERT INTO `sys_menu` (`menu_id`, `menu_name`, `parent_id`, `order_num`, `path`, `component`, `query`, `route_name`, `is_frame`, `is_cache`, `menu_type`, `visible`, `status`, `perms`, `icon`, `create_by`, `create_time`, `update_by`, `update_time`, `remark`) VALUES (1051, '任务修改', 110, 3, '#', '', '', '', 1, 0, 'F', '0', '0', 'monitor:job:edit', '#', 'admin', '2025-10-30 12:07:48', '', NULL, '');
INSERT INTO `sys_menu` (`menu_id`, `menu_name`, `parent_id`, `order_num`, `path`, `component`, `query`, `route_name`, `is_frame`, `is_cache`, `menu_type`, `visible`, `status`, `perms`, `icon`, `create_by`, `create_time`, `update_by`, `update_time`, `remark`) VALUES (1052, '任务删除', 110, 4, '#', '', '', '', 1, 0, 'F', '0', '0', 'monitor:job:remove', '#', 'admin', '2025-10-30 12:07:48', '', NULL, '');
INSERT INTO `sys_menu` (`menu_id`, `menu_name`, `parent_id`, `order_num`, `path`, `component`, `query`, `route_name`, `is_frame`, `is_cache`, `menu_type`, `visible`, `status`, `perms`, `icon`, `create_by`, `create_time`, `update_by`, `update_time`, `remark`) VALUES (1053, '状态修改', 110, 5, '#', '', '', '', 1, 0, 'F', '0', '0', 'monitor:job:changeStatus', '#', 'admin', '2025-10-30 12:07:48', '', NULL, '');
INSERT INTO `sys_menu` (`menu_id`, `menu_name`, `parent_id`, `order_num`, `path`, `component`, `query`, `route_name`, `is_frame`, `is_cache`, `menu_type`, `visible`, `status`, `perms`, `icon`, `create_by`, `create_time`, `update_by`, `update_time`, `remark`) VALUES (1054, '任务导出', 110, 6, '#', '', '', '', 1, 0, 'F', '0', '0', 'monitor:job:export', '#', 'admin', '2025-10-30 12:07:48', '', NULL, '');
INSERT INTO `sys_menu` (`menu_id`, `menu_name`, `parent_id`, `order_num`, `path`, `component`, `query`, `route_name`, `is_frame`, `is_cache`, `menu_type`, `visible`, `status`, `perms`, `icon`, `create_by`, `create_time`, `update_by`, `update_time`, `remark`) VALUES (1055, '生成查询', 116, 1, '#', '', '', '', 1, 0, 'F', '0', '0', 'tool:gen:query', '#', 'admin', '2025-10-30 12:07:48', '', NULL, '');
INSERT INTO `sys_menu` (`menu_id`, `menu_name`, `parent_id`, `order_num`, `path`, `component`, `query`, `route_name`, `is_frame`, `is_cache`, `menu_type`, `visible`, `status`, `perms`, `icon`, `create_by`, `create_time`, `update_by`, `update_time`, `remark`) VALUES (1056, '生成修改', 116, 2, '#', '', '', '', 1, 0, 'F', '0', '0', 'tool:gen:edit', '#', 'admin', '2025-10-30 12:07:48', '', NULL, '');
INSERT INTO `sys_menu` (`menu_id`, `menu_name`, `parent_id`, `order_num`, `path`, `component`, `query`, `route_name`, `is_frame`, `is_cache`, `menu_type`, `visible`, `status`, `perms`, `icon`, `create_by`, `create_time`, `update_by`, `update_time`, `remark`) VALUES (1057, '生成删除', 116, 3, '#', '', '', '', 1, 0, 'F', '0', '0', 'tool:gen:remove', '#', 'admin', '2025-10-30 12:07:48', '', NULL, '');
INSERT INTO `sys_menu` (`menu_id`, `menu_name`, `parent_id`, `order_num`, `path`, `component`, `query`, `route_name`, `is_frame`, `is_cache`, `menu_type`, `visible`, `status`, `perms`, `icon`, `create_by`, `create_time`, `update_by`, `update_time`, `remark`) VALUES (1058, '导入代码', 116, 4, '#', '', '', '', 1, 0, 'F', '0', '0', 'tool:gen:import', '#', 'admin', '2025-10-30 12:07:48', '', NULL, '');
INSERT INTO `sys_menu` (`menu_id`, `menu_name`, `parent_id`, `order_num`, `path`, `component`, `query`, `route_name`, `is_frame`, `is_cache`, `menu_type`, `visible`, `status`, `perms`, `icon`, `create_by`, `create_time`, `update_by`, `update_time`, `remark`) VALUES (1059, '预览代码', 116, 5, '#', '', '', '', 1, 0, 'F', '0', '0', 'tool:gen:preview', '#', 'admin', '2025-10-30 12:07:48', '', NULL, '');
INSERT INTO `sys_menu` (`menu_id`, `menu_name`, `parent_id`, `order_num`, `path`, `component`, `query`, `route_name`, `is_frame`, `is_cache`, `menu_type`, `visible`, `status`, `perms`, `icon`, `create_by`, `create_time`, `update_by`, `update_time`, `remark`) VALUES (1060, '生成代码', 116, 6, '#', '', '', '', 1, 0, 'F', '0', '0', 'tool:gen:code', '#', 'admin', '2025-10-30 12:07:48', '', NULL, '');
INSERT INTO `sys_menu` (`menu_id`, `menu_name`, `parent_id`, `order_num`, `path`, `component`, `query`, `route_name`, `is_frame`, `is_cache`, `menu_type`, `visible`, `status`, `perms`, `icon`, `create_by`, `create_time`, `update_by`, `update_time`, `remark`) VALUES (2000, '量化交易', 0, 2, 'trading', NULL, NULL, '', 1, 0, 'M', '0', '0', NULL, 'chart', 'admin', '2025-10-31 11:58:28', '', NULL, '');
INSERT INTO `sys_menu` (`menu_id`, `menu_name`, `parent_id`, `order_num`, `path`, `component`, `query`, `route_name`, `is_frame`, `is_cache`, `menu_type`, `visible`, `status`, `perms`, `icon`, `create_by`, `create_time`, `update_by`, `update_time`, `remark`) VALUES (2001, '交易仪表盘', 2000, 1, 'dashboard', 'trading/dashboard/index', NULL, '', 1, 0, 'C', '0', '0', NULL, 'dashboard', 'admin', '2025-10-31 12:05:51', '', NULL, '');
INSERT INTO `sys_menu` (`menu_id`, `menu_name`, `parent_id`, `order_num`, `path`, `component`, `query`, `route_name`, `is_frame`, `is_cache`, `menu_type`, `visible`, `status`, `perms`, `icon`, `create_by`, `create_time`, `update_by`, `update_time`, `remark`) VALUES (2002, '行情管理', 2000, 2, 'market', 'trading/market/index', NULL, '', 1, 0, 'C', '0', '0', NULL, 'money', 'admin', '2025-10-31 12:06:33', '', NULL, '');
INSERT INTO `sys_menu` (`menu_id`, `menu_name`, `parent_id`, `order_num`, `path`, `component`, `query`, `route_name`, `is_frame`, `is_cache`, `menu_type`, `visible`, `status`, `perms`, `icon`, `create_by`, `create_time`, `update_by`, `update_time`, `remark`) VALUES (2003, '策略管理', 2000, 3, 'strategy', 'trading/strategy/index', NULL, '', 1, 0, 'C', '0', '0', NULL, 'skill', 'admin', '2025-10-31 12:07:12', '', NULL, '');
INSERT INTO `sys_menu` (`menu_id`, `menu_name`, `parent_id`, `order_num`, `path`, `component`, `query`, `route_name`, `is_frame`, `is_cache`, `menu_type`, `visible`, `status`, `perms`, `icon`, `create_by`, `create_time`, `update_by`, `update_time`, `remark`) VALUES (2004, '订单管理', 2000, 4, 'order', 'trading/order/index', NULL, '', 1, 0, 'C', '0', '0', NULL, 'shopping', 'admin', '2025-10-31 12:07:46', '', NULL, '');
INSERT INTO `sys_menu` (`menu_id`, `menu_name`, `parent_id`, `order_num`, `path`, `component`, `query`, `route_name`, `is_frame`, `is_cache`, `menu_type`, `visible`, `status`, `perms`, `icon`, `create_by`, `create_time`, `update_by`, `update_time`, `remark`) VALUES (2005, '账户', 2000, 1, 'account', 'trading/account/index', NULL, '', 1, 0, 'C', '0', '0', 'trading:account:list', '#', 'admin', '2025-10-31 12:39:39', '', NULL, '账户菜单');
INSERT INTO `sys_menu` (`menu_id`, `menu_name`, `parent_id`, `order_num`, `path`, `component`, `query`, `route_name`, `is_frame`, `is_cache`, `menu_type`, `visible`, `status`, `perms`, `icon`, `create_by`, `create_time`, `update_by`, `update_time`, `remark`) VALUES (2006, '账户查询', 2005, 1, '#', '', NULL, '', 1, 0, 'F', '0', '0', 'trading:account:query', '#', 'admin', '2025-10-31 12:39:39', '', NULL, '');
INSERT INTO `sys_menu` (`menu_id`, `menu_name`, `parent_id`, `order_num`, `path`, `component`, `query`, `route_name`, `is_frame`, `is_cache`, `menu_type`, `visible`, `status`, `perms`, `icon`, `create_by`, `create_time`, `update_by`, `update_time`, `remark`) VALUES (2007, '账户新增', 2005, 2, '#', '', NULL, '', 1, 0, 'F', '0', '0', 'trading:account:add', '#', 'admin', '2025-10-31 12:39:39', '', NULL, '');
INSERT INTO `sys_menu` (`menu_id`, `menu_name`, `parent_id`, `order_num`, `path`, `component`, `query`, `route_name`, `is_frame`, `is_cache`, `menu_type`, `visible`, `status`, `perms`, `icon`, `create_by`, `create_time`, `update_by`, `update_time`, `remark`) VALUES (2008, '账户修改', 2005, 3, '#', '', NULL, '', 1, 0, 'F', '0', '0', 'trading:account:edit', '#', 'admin', '2025-10-31 12:39:39', '', NULL, '');
INSERT INTO `sys_menu` (`menu_id`, `menu_name`, `parent_id`, `order_num`, `path`, `component`, `query`, `route_name`, `is_frame`, `is_cache`, `menu_type`, `visible`, `status`, `perms`, `icon`, `create_by`, `create_time`, `update_by`, `update_time`, `remark`) VALUES (2009, '账户删除', 2005, 4, '#', '', NULL, '', 1, 0, 'F', '0', '0', 'trading:account:remove', '#', 'admin', '2025-10-31 12:39:39', '', NULL, '');
INSERT INTO `sys_menu` (`menu_id`, `menu_name`, `parent_id`, `order_num`, `path`, `component`, `query`, `route_name`, `is_frame`, `is_cache`, `menu_type`, `visible`, `status`, `perms`, `icon`, `create_by`, `create_time`, `update_by`, `update_time`, `remark`) VALUES (2010, '账户导出', 2005, 5, '#', '', NULL, '', 1, 0, 'F', '0', '0', 'trading:account:export', '#', 'admin', '2025-10-31 12:39:39', '', NULL, '');
INSERT INTO `sys_menu` (`menu_id`, `menu_name`, `parent_id`, `order_num`, `path`, `component`, `query`, `route_name`, `is_frame`, `is_cache`, `menu_type`, `visible`, `status`, `perms`, `icon`, `create_by`, `create_time`, `update_by`, `update_time`, `remark`) VALUES (2011, '策略查询', 2003, 1, '', NULL, NULL, '', 1, 0, 'F', '0', '0', 'rading:strategy:query', '#', 'admin', '2025-11-01 13:53:57', '', NULL, '');
INSERT INTO `sys_menu` (`menu_id`, `menu_name`, `parent_id`, `order_num`, `path`, `component`, `query`, `route_name`, `is_frame`, `is_cache`, `menu_type`, `visible`, `status`, `perms`, `icon`, `create_by`, `create_time`, `update_by`, `update_time`, `remark`) VALUES (2012, '策略新增', 2003, 2, '', NULL, NULL, '', 1, 0, 'F', '0', '0', 'trading:strategy:add', '#', 'admin', '2025-11-01 13:54:16', '', NULL, '');
INSERT INTO `sys_menu` (`menu_id`, `menu_name`, `parent_id`, `order_num`, `path`, `component`, `query`, `route_name`, `is_frame`, `is_cache`, `menu_type`, `visible`, `status`, `perms`, `icon`, `create_by`, `create_time`, `update_by`, `update_time`, `remark`) VALUES (2013, '策略修改', 2003, 3, '', NULL, NULL, '', 1, 0, 'F', '0', '0', 'trading:strategy:edit', '#', 'admin', '2025-11-01 13:54:37', '', NULL, '');
INSERT INTO `sys_menu` (`menu_id`, `menu_name`, `parent_id`, `order_num`, `path`, `component`, `query`, `route_name`, `is_frame`, `is_cache`, `menu_type`, `visible`, `status`, `perms`, `icon`, `create_by`, `create_time`, `update_by`, `update_time`, `remark`) VALUES (2014, '策略删除', 2003, 4, '', NULL, NULL, '', 1, 0, 'F', '0', '0', 'trading:strategy:remove', '#', 'admin', '2025-11-01 13:54:52', '', NULL, '');
INSERT INTO `sys_menu` (`menu_id`, `menu_name`, `parent_id`, `order_num`, `path`, `component`, `query`, `route_name`, `is_frame`, `is_cache`, `menu_type`, `visible`, `status`, `perms`, `icon`, `create_by`, `create_time`, `update_by`, `update_time`, `remark`) VALUES (2015, '策略导出', 2003, 5, '', NULL, NULL, '', 1, 0, 'F', '0', '0', 'trading:strategy:export', '#', 'admin', '2025-11-01 13:55:07', '', NULL, '');
COMMIT;

-- ----------------------------
-- Table structure for sys_notice
-- ----------------------------
DROP TABLE IF EXISTS `sys_notice`;
CREATE TABLE `sys_notice` (
  `notice_id` int NOT NULL AUTO_INCREMENT COMMENT '公告ID',
  `notice_title` varchar(50) NOT NULL COMMENT '公告标题',
  `notice_type` char(1) NOT NULL COMMENT '公告类型（1通知 2公告）',
  `notice_content` longblob COMMENT '公告内容',
  `status` char(1) DEFAULT '0' COMMENT '公告状态（0正常 1关闭）',
  `create_by` varchar(64) DEFAULT '' COMMENT '创建者',
  `create_time` datetime DEFAULT NULL COMMENT '创建时间',
  `update_by` varchar(64) DEFAULT '' COMMENT '更新者',
  `update_time` datetime DEFAULT NULL COMMENT '更新时间',
  `remark` varchar(255) DEFAULT NULL COMMENT '备注',
  PRIMARY KEY (`notice_id`)
) ENGINE=InnoDB AUTO_INCREMENT=10 DEFAULT CHARSET=utf8mb4 COLLATE=utf8mb4_0900_ai_ci COMMENT='通知公告表';

-- ----------------------------
-- Records of sys_notice
-- ----------------------------
BEGIN;
INSERT INTO `sys_notice` (`notice_id`, `notice_title`, `notice_type`, `notice_content`, `status`, `create_by`, `create_time`, `update_by`, `update_time`, `remark`) VALUES (1, '温馨提醒：2018-07-01 若依新版本发布啦', '2', 0xE696B0E78988E69CACE58685E5AEB9, '0', 'admin', '2025-10-30 12:07:48', '', NULL, '管理员');
INSERT INTO `sys_notice` (`notice_id`, `notice_title`, `notice_type`, `notice_content`, `status`, `create_by`, `create_time`, `update_by`, `update_time`, `remark`) VALUES (2, '维护通知：2018-07-01 若依系统凌晨维护', '1', 0xE7BBB4E68AA4E58685E5AEB9, '0', 'admin', '2025-10-30 12:07:48', '', NULL, '管理员');
COMMIT;

-- ----------------------------
-- Table structure for sys_oper_log
-- ----------------------------
DROP TABLE IF EXISTS `sys_oper_log`;
CREATE TABLE `sys_oper_log` (
  `oper_id` bigint NOT NULL AUTO_INCREMENT COMMENT '日志主键',
  `title` varchar(50) DEFAULT '' COMMENT '模块标题',
  `business_type` int DEFAULT '0' COMMENT '业务类型（0其它 1新增 2修改 3删除）',
  `method` varchar(200) DEFAULT '' COMMENT '方法名称',
  `request_method` varchar(10) DEFAULT '' COMMENT '请求方式',
  `operator_type` int DEFAULT '0' COMMENT '操作类别（0其它 1后台用户 2手机端用户）',
  `oper_name` varchar(50) DEFAULT '' COMMENT '操作人员',
  `dept_name` varchar(50) DEFAULT '' COMMENT '部门名称',
  `oper_url` varchar(255) DEFAULT '' COMMENT '请求URL',
  `oper_ip` varchar(128) DEFAULT '' COMMENT '主机地址',
  `oper_location` varchar(255) DEFAULT '' COMMENT '操作地点',
  `oper_param` varchar(2000) DEFAULT '' COMMENT '请求参数',
  `json_result` varchar(2000) DEFAULT '' COMMENT '返回参数',
  `status` int DEFAULT '0' COMMENT '操作状态（0正常 1异常）',
  `error_msg` varchar(2000) DEFAULT '' COMMENT '错误消息',
  `oper_time` datetime DEFAULT NULL COMMENT '操作时间',
  `cost_time` bigint DEFAULT '0' COMMENT '消耗时间',
  PRIMARY KEY (`oper_id`),
  KEY `idx_sys_oper_log_bt` (`business_type`),
  KEY `idx_sys_oper_log_s` (`status`),
  KEY `idx_sys_oper_log_ot` (`oper_time`)
) ENGINE=InnoDB AUTO_INCREMENT=161 DEFAULT CHARSET=utf8mb4 COLLATE=utf8mb4_0900_ai_ci COMMENT='操作日志记录';

-- ----------------------------
-- Records of sys_oper_log
-- ----------------------------
BEGIN;
INSERT INTO `sys_oper_log` (`oper_id`, `title`, `business_type`, `method`, `request_method`, `operator_type`, `oper_name`, `dept_name`, `oper_url`, `oper_ip`, `oper_location`, `oper_param`, `json_result`, `status`, `error_msg`, `oper_time`, `cost_time`) VALUES (100, '菜单管理', 1, 'com.quantflow.web.controller.system.SysMenuController.add()', 'POST', 1, 'admin', '研发部门', '/system/menu', '127.0.0.1', '内网IP', '{\"children\":[],\"createBy\":\"admin\",\"icon\":\"chart\",\"isCache\":\"0\",\"isFrame\":\"1\",\"menuName\":\"量化交易\",\"menuType\":\"M\",\"orderNum\":2,\"params\":{},\"parentId\":0,\"path\":\"trading\",\"status\":\"0\",\"visible\":\"0\"}', '{\"msg\":\"操作成功\",\"code\":200}', 0, NULL, '2025-10-31 11:58:28', 45);
INSERT INTO `sys_oper_log` (`oper_id`, `title`, `business_type`, `method`, `request_method`, `operator_type`, `oper_name`, `dept_name`, `oper_url`, `oper_ip`, `oper_location`, `oper_param`, `json_result`, `status`, `error_msg`, `oper_time`, `cost_time`) VALUES (101, '菜单管理', 2, 'com.quantflow.web.controller.system.SysMenuController.edit()', 'PUT', 1, 'admin', '研发部门', '/system/menu', '127.0.0.1', '内网IP', '{\"children\":[],\"createTime\":\"2025-10-30 08:07:48\",\"icon\":\"monitor\",\"isCache\":\"0\",\"isFrame\":\"1\",\"menuId\":2,\"menuName\":\"系统监控\",\"menuType\":\"M\",\"orderNum\":12,\"params\":{},\"parentId\":0,\"path\":\"monitor\",\"perms\":\"\",\"query\":\"\",\"routeName\":\"\",\"status\":\"0\",\"updateBy\":\"admin\",\"visible\":\"0\"}', '{\"msg\":\"操作成功\",\"code\":200}', 0, NULL, '2025-10-31 11:58:39', 26);
INSERT INTO `sys_oper_log` (`oper_id`, `title`, `business_type`, `method`, `request_method`, `operator_type`, `oper_name`, `dept_name`, `oper_url`, `oper_ip`, `oper_location`, `oper_param`, `json_result`, `status`, `error_msg`, `oper_time`, `cost_time`) VALUES (102, '菜单管理', 2, 'com.quantflow.web.controller.system.SysMenuController.edit()', 'PUT', 1, 'admin', '研发部门', '/system/menu', '127.0.0.1', '内网IP', '{\"children\":[],\"createTime\":\"2025-10-30 08:07:48\",\"icon\":\"system\",\"isCache\":\"0\",\"isFrame\":\"1\",\"menuId\":1,\"menuName\":\"系统管理\",\"menuType\":\"M\",\"orderNum\":101,\"params\":{},\"parentId\":0,\"path\":\"system\",\"perms\":\"\",\"query\":\"\",\"routeName\":\"\",\"status\":\"0\",\"updateBy\":\"admin\",\"visible\":\"0\"}', '{\"msg\":\"操作成功\",\"code\":200}', 0, NULL, '2025-10-31 11:58:45', 14);
INSERT INTO `sys_oper_log` (`oper_id`, `title`, `business_type`, `method`, `request_method`, `operator_type`, `oper_name`, `dept_name`, `oper_url`, `oper_ip`, `oper_location`, `oper_param`, `json_result`, `status`, `error_msg`, `oper_time`, `cost_time`) VALUES (103, '菜单管理', 2, 'com.quantflow.web.controller.system.SysMenuController.edit()', 'PUT', 1, 'admin', '研发部门', '/system/menu', '127.0.0.1', '内网IP', '{\"children\":[],\"createTime\":\"2025-10-30 08:07:48\",\"icon\":\"tool\",\"isCache\":\"0\",\"isFrame\":\"1\",\"menuId\":3,\"menuName\":\"系统工具\",\"menuType\":\"M\",\"orderNum\":103,\"params\":{},\"parentId\":0,\"path\":\"tool\",\"perms\":\"\",\"query\":\"\",\"routeName\":\"\",\"status\":\"0\",\"updateBy\":\"admin\",\"visible\":\"0\"}', '{\"msg\":\"操作成功\",\"code\":200}', 0, NULL, '2025-10-31 11:58:54', 11);
INSERT INTO `sys_oper_log` (`oper_id`, `title`, `business_type`, `method`, `request_method`, `operator_type`, `oper_name`, `dept_name`, `oper_url`, `oper_ip`, `oper_location`, `oper_param`, `json_result`, `status`, `error_msg`, `oper_time`, `cost_time`) VALUES (104, '菜单管理', 2, 'com.quantflow.web.controller.system.SysMenuController.edit()', 'PUT', 1, 'admin', '研发部门', '/system/menu', '127.0.0.1', '内网IP', '{\"children\":[],\"createTime\":\"2025-10-30 08:07:48\",\"icon\":\"monitor\",\"isCache\":\"0\",\"isFrame\":\"1\",\"menuId\":2,\"menuName\":\"系统监控\",\"menuType\":\"M\",\"orderNum\":102,\"params\":{},\"parentId\":0,\"path\":\"monitor\",\"perms\":\"\",\"query\":\"\",\"routeName\":\"\",\"status\":\"0\",\"updateBy\":\"admin\",\"visible\":\"0\"}', '{\"msg\":\"操作成功\",\"code\":200}', 0, NULL, '2025-10-31 11:59:01', 22);
INSERT INTO `sys_oper_log` (`oper_id`, `title`, `business_type`, `method`, `request_method`, `operator_type`, `oper_name`, `dept_name`, `oper_url`, `oper_ip`, `oper_location`, `oper_param`, `json_result`, `status`, `error_msg`, `oper_time`, `cost_time`) VALUES (105, '菜单管理', 2, 'com.quantflow.web.controller.system.SysMenuController.edit()', 'PUT', 1, 'admin', '研发部门', '/system/menu', '127.0.0.1', '内网IP', '{\"children\":[],\"createTime\":\"2025-10-30 08:07:48\",\"icon\":\"guide\",\"isCache\":\"0\",\"isFrame\":\"0\",\"menuId\":4,\"menuName\":\"若依官网\",\"menuType\":\"M\",\"orderNum\":104,\"params\":{},\"parentId\":0,\"path\":\"http://ruoyi.vip\",\"perms\":\"\",\"query\":\"\",\"routeName\":\"\",\"status\":\"0\",\"updateBy\":\"admin\",\"visible\":\"0\"}', '{\"msg\":\"操作成功\",\"code\":200}', 0, NULL, '2025-10-31 11:59:06', 15);
INSERT INTO `sys_oper_log` (`oper_id`, `title`, `business_type`, `method`, `request_method`, `operator_type`, `oper_name`, `dept_name`, `oper_url`, `oper_ip`, `oper_location`, `oper_param`, `json_result`, `status`, `error_msg`, `oper_time`, `cost_time`) VALUES (106, '菜单管理', 1, 'com.quantflow.web.controller.system.SysMenuController.add()', 'POST', 1, 'admin', '研发部门', '/system/menu', '127.0.0.1', '内网IP', '{\"children\":[],\"component\":\"trading/dashboard/index\",\"createBy\":\"admin\",\"icon\":\"dashboard\",\"isCache\":\"0\",\"isFrame\":\"1\",\"menuName\":\"交易仪表盘\",\"menuType\":\"C\",\"orderNum\":1,\"params\":{},\"parentId\":2000,\"path\":\"dashboard\",\"status\":\"0\",\"visible\":\"0\"}', '{\"msg\":\"操作成功\",\"code\":200}', 0, NULL, '2025-10-31 12:05:52', 62);
INSERT INTO `sys_oper_log` (`oper_id`, `title`, `business_type`, `method`, `request_method`, `operator_type`, `oper_name`, `dept_name`, `oper_url`, `oper_ip`, `oper_location`, `oper_param`, `json_result`, `status`, `error_msg`, `oper_time`, `cost_time`) VALUES (107, '菜单管理', 1, 'com.quantflow.web.controller.system.SysMenuController.add()', 'POST', 1, 'admin', '研发部门', '/system/menu', '127.0.0.1', '内网IP', '{\"children\":[],\"component\":\"trading/market/index\",\"createBy\":\"admin\",\"icon\":\"money\",\"isCache\":\"0\",\"isFrame\":\"1\",\"menuName\":\"行情管理\",\"menuType\":\"C\",\"orderNum\":2,\"params\":{},\"parentId\":2000,\"path\":\"market\",\"routeName\":\"\",\"status\":\"0\",\"visible\":\"0\"}', '{\"msg\":\"操作成功\",\"code\":200}', 0, NULL, '2025-10-31 12:06:33', 31);
INSERT INTO `sys_oper_log` (`oper_id`, `title`, `business_type`, `method`, `request_method`, `operator_type`, `oper_name`, `dept_name`, `oper_url`, `oper_ip`, `oper_location`, `oper_param`, `json_result`, `status`, `error_msg`, `oper_time`, `cost_time`) VALUES (108, '菜单管理', 1, 'com.quantflow.web.controller.system.SysMenuController.add()', 'POST', 1, 'admin', '研发部门', '/system/menu', '127.0.0.1', '内网IP', '{\"children\":[],\"component\":\"trading/strategy/index\",\"createBy\":\"admin\",\"icon\":\"skill\",\"isCache\":\"0\",\"isFrame\":\"1\",\"menuName\":\"策略管理\",\"menuType\":\"C\",\"orderNum\":3,\"params\":{},\"parentId\":2000,\"path\":\"strategy\",\"status\":\"0\",\"visible\":\"0\"}', '{\"msg\":\"操作成功\",\"code\":200}', 0, NULL, '2025-10-31 12:07:12', 39);
INSERT INTO `sys_oper_log` (`oper_id`, `title`, `business_type`, `method`, `request_method`, `operator_type`, `oper_name`, `dept_name`, `oper_url`, `oper_ip`, `oper_location`, `oper_param`, `json_result`, `status`, `error_msg`, `oper_time`, `cost_time`) VALUES (109, '菜单管理', 1, 'com.quantflow.web.controller.system.SysMenuController.add()', 'POST', 1, 'admin', '研发部门', '/system/menu', '127.0.0.1', '内网IP', '{\"children\":[],\"component\":\"trading/order/index\",\"createBy\":\"admin\",\"icon\":\"shopping\",\"isCache\":\"0\",\"isFrame\":\"1\",\"menuName\":\"订单管理\",\"menuType\":\"C\",\"orderNum\":4,\"params\":{},\"parentId\":2000,\"path\":\"order\",\"status\":\"0\",\"visible\":\"0\"}', '{\"msg\":\"操作成功\",\"code\":200}', 0, NULL, '2025-10-31 12:07:46', 33);
INSERT INTO `sys_oper_log` (`oper_id`, `title`, `business_type`, `method`, `request_method`, `operator_type`, `oper_name`, `dept_name`, `oper_url`, `oper_ip`, `oper_location`, `oper_param`, `json_result`, `status`, `error_msg`, `oper_time`, `cost_time`) VALUES (110, '字典类型', 1, 'com.quantflow.web.controller.system.SysDictTypeController.add()', 'POST', 1, 'admin', '研发部门', '/system/dict/type', '127.0.0.1', '内网IP', '{\"createBy\":\"admin\",\"dictName\":\"交易所类型\",\"dictType\":\"qf_exchange_type\",\"params\":{},\"remark\":\"支持的交易所列表\",\"status\":\"0\"}', '{\"msg\":\"操作成功\",\"code\":200}', 0, NULL, '2025-10-31 12:11:08', 36);
INSERT INTO `sys_oper_log` (`oper_id`, `title`, `business_type`, `method`, `request_method`, `operator_type`, `oper_name`, `dept_name`, `oper_url`, `oper_ip`, `oper_location`, `oper_param`, `json_result`, `status`, `error_msg`, `oper_time`, `cost_time`) VALUES (111, '字典数据', 1, 'com.quantflow.web.controller.system.SysDictDataController.add()', 'POST', 1, 'admin', '研发部门', '/system/dict/data', '127.0.0.1', '内网IP', '{\"createBy\":\"admin\",\"default\":false,\"dictLabel\":\"币安\",\"dictSort\":1,\"dictType\":\"qf_exchange_type\",\"dictValue\":\"binance\",\"listClass\":\"default\",\"params\":{},\"status\":\"0\"}', '{\"msg\":\"操作成功\",\"code\":200}', 0, NULL, '2025-10-31 12:12:12', 90);
INSERT INTO `sys_oper_log` (`oper_id`, `title`, `business_type`, `method`, `request_method`, `operator_type`, `oper_name`, `dept_name`, `oper_url`, `oper_ip`, `oper_location`, `oper_param`, `json_result`, `status`, `error_msg`, `oper_time`, `cost_time`) VALUES (112, '字典数据', 1, 'com.quantflow.web.controller.system.SysDictDataController.add()', 'POST', 1, 'admin', '研发部门', '/system/dict/data', '127.0.0.1', '内网IP', '{\"createBy\":\"admin\",\"default\":false,\"dictLabel\":\"欧易\",\"dictSort\":2,\"dictType\":\"qf_exchange_type\",\"dictValue\":\"2\",\"listClass\":\"default\",\"params\":{},\"status\":\"0\"}', '{\"msg\":\"操作成功\",\"code\":200}', 0, NULL, '2025-10-31 12:12:27', 50);
INSERT INTO `sys_oper_log` (`oper_id`, `title`, `business_type`, `method`, `request_method`, `operator_type`, `oper_name`, `dept_name`, `oper_url`, `oper_ip`, `oper_location`, `oper_param`, `json_result`, `status`, `error_msg`, `oper_time`, `cost_time`) VALUES (113, '字典数据', 2, 'com.quantflow.web.controller.system.SysDictDataController.edit()', 'PUT', 1, 'admin', '研发部门', '/system/dict/data', '127.0.0.1', '内网IP', '{\"createBy\":\"admin\",\"createTime\":\"2025-10-31 08:12:27\",\"default\":false,\"dictCode\":101,\"dictLabel\":\"欧易\",\"dictSort\":2,\"dictType\":\"qf_exchange_type\",\"dictValue\":\"okx\",\"isDefault\":\"N\",\"listClass\":\"default\",\"params\":{},\"status\":\"0\",\"updateBy\":\"admin\"}', '{\"msg\":\"操作成功\",\"code\":200}', 0, NULL, '2025-10-31 12:12:39', 71);
INSERT INTO `sys_oper_log` (`oper_id`, `title`, `business_type`, `method`, `request_method`, `operator_type`, `oper_name`, `dept_name`, `oper_url`, `oper_ip`, `oper_location`, `oper_param`, `json_result`, `status`, `error_msg`, `oper_time`, `cost_time`) VALUES (114, '字典数据', 1, 'com.quantflow.web.controller.system.SysDictDataController.add()', 'POST', 1, 'admin', '研发部门', '/system/dict/data', '127.0.0.1', '内网IP', '{\"createBy\":\"admin\",\"default\":false,\"dictLabel\":\"火币\",\"dictSort\":3,\"dictType\":\"qf_exchange_type\",\"dictValue\":\"huobi\",\"listClass\":\"default\",\"params\":{},\"status\":\"0\"}', '{\"msg\":\"操作成功\",\"code\":200}', 0, NULL, '2025-10-31 12:12:56', 30);
INSERT INTO `sys_oper_log` (`oper_id`, `title`, `business_type`, `method`, `request_method`, `operator_type`, `oper_name`, `dept_name`, `oper_url`, `oper_ip`, `oper_location`, `oper_param`, `json_result`, `status`, `error_msg`, `oper_time`, `cost_time`) VALUES (115, '字典类型', 1, 'com.quantflow.web.controller.system.SysDictTypeController.add()', 'POST', 1, 'admin', '研发部门', '/system/dict/type', '127.0.0.1', '内网IP', '{\"createBy\":\"admin\",\"dictName\":\"订单方向\",\"dictType\":\"qf_order_side\",\"params\":{},\"status\":\"0\"}', '{\"msg\":\"操作成功\",\"code\":200}', 0, NULL, '2025-10-31 12:13:26', 54);
INSERT INTO `sys_oper_log` (`oper_id`, `title`, `business_type`, `method`, `request_method`, `operator_type`, `oper_name`, `dept_name`, `oper_url`, `oper_ip`, `oper_location`, `oper_param`, `json_result`, `status`, `error_msg`, `oper_time`, `cost_time`) VALUES (116, '字典数据', 1, 'com.quantflow.web.controller.system.SysDictDataController.add()', 'POST', 1, 'admin', '研发部门', '/system/dict/data', '127.0.0.1', '内网IP', '{\"createBy\":\"admin\",\"default\":false,\"dictLabel\":\"买入\",\"dictSort\":1,\"dictType\":\"qf_order_side\",\"dictValue\":\"BUY\",\"listClass\":\"default\",\"params\":{},\"status\":\"0\"}', '{\"msg\":\"操作成功\",\"code\":200}', 0, NULL, '2025-10-31 12:13:43', 20);
INSERT INTO `sys_oper_log` (`oper_id`, `title`, `business_type`, `method`, `request_method`, `operator_type`, `oper_name`, `dept_name`, `oper_url`, `oper_ip`, `oper_location`, `oper_param`, `json_result`, `status`, `error_msg`, `oper_time`, `cost_time`) VALUES (117, '字典数据', 1, 'com.quantflow.web.controller.system.SysDictDataController.add()', 'POST', 1, 'admin', '研发部门', '/system/dict/data', '127.0.0.1', '内网IP', '{\"createBy\":\"admin\",\"default\":false,\"dictLabel\":\"卖出\",\"dictSort\":2,\"dictType\":\"qf_order_side\",\"dictValue\":\"SELL\",\"listClass\":\"default\",\"params\":{},\"status\":\"0\"}', '{\"msg\":\"操作成功\",\"code\":200}', 0, NULL, '2025-10-31 12:13:57', 17);
INSERT INTO `sys_oper_log` (`oper_id`, `title`, `business_type`, `method`, `request_method`, `operator_type`, `oper_name`, `dept_name`, `oper_url`, `oper_ip`, `oper_location`, `oper_param`, `json_result`, `status`, `error_msg`, `oper_time`, `cost_time`) VALUES (118, '字典类型', 1, 'com.quantflow.web.controller.system.SysDictTypeController.add()', 'POST', 1, 'admin', '研发部门', '/system/dict/type', '127.0.0.1', '内网IP', '{\"createBy\":\"admin\",\"dictName\":\"订单类型\",\"dictType\":\"qf_order_type\",\"params\":{},\"status\":\"0\"}', '{\"msg\":\"操作成功\",\"code\":200}', 0, NULL, '2025-10-31 12:14:15', 35);
INSERT INTO `sys_oper_log` (`oper_id`, `title`, `business_type`, `method`, `request_method`, `operator_type`, `oper_name`, `dept_name`, `oper_url`, `oper_ip`, `oper_location`, `oper_param`, `json_result`, `status`, `error_msg`, `oper_time`, `cost_time`) VALUES (119, '字典数据', 1, 'com.quantflow.web.controller.system.SysDictDataController.add()', 'POST', 1, 'admin', '研发部门', '/system/dict/data', '127.0.0.1', '内网IP', '{\"createBy\":\"admin\",\"default\":false,\"dictLabel\":\"市价单\",\"dictSort\":1,\"dictType\":\"qf_order_type\",\"dictValue\":\"MARKET\",\"listClass\":\"default\",\"params\":{},\"status\":\"0\"}', '{\"msg\":\"操作成功\",\"code\":200}', 0, NULL, '2025-10-31 12:14:39', 19);
INSERT INTO `sys_oper_log` (`oper_id`, `title`, `business_type`, `method`, `request_method`, `operator_type`, `oper_name`, `dept_name`, `oper_url`, `oper_ip`, `oper_location`, `oper_param`, `json_result`, `status`, `error_msg`, `oper_time`, `cost_time`) VALUES (120, '字典数据', 1, 'com.quantflow.web.controller.system.SysDictDataController.add()', 'POST', 1, 'admin', '研发部门', '/system/dict/data', '127.0.0.1', '内网IP', '{\"createBy\":\"admin\",\"default\":false,\"dictLabel\":\"限价单\",\"dictSort\":2,\"dictType\":\"qf_order_type\",\"dictValue\":\"LIMIT\",\"listClass\":\"default\",\"params\":{},\"status\":\"0\"}', '{\"msg\":\"操作成功\",\"code\":200}', 0, NULL, '2025-10-31 12:14:54', 104);
INSERT INTO `sys_oper_log` (`oper_id`, `title`, `business_type`, `method`, `request_method`, `operator_type`, `oper_name`, `dept_name`, `oper_url`, `oper_ip`, `oper_location`, `oper_param`, `json_result`, `status`, `error_msg`, `oper_time`, `cost_time`) VALUES (121, '字典数据', 1, 'com.quantflow.web.controller.system.SysDictDataController.add()', 'POST', 1, 'admin', '研发部门', '/system/dict/data', '127.0.0.1', '内网IP', '{\"createBy\":\"admin\",\"default\":false,\"dictLabel\":\"订单状态\",\"dictSort\":0,\"dictType\":\"qf_order_type\",\"dictValue\":\"qf_order_status\",\"listClass\":\"default\",\"params\":{},\"status\":\"0\"}', '{\"msg\":\"操作成功\",\"code\":200}', 0, NULL, '2025-10-31 12:15:19', 40);
INSERT INTO `sys_oper_log` (`oper_id`, `title`, `business_type`, `method`, `request_method`, `operator_type`, `oper_name`, `dept_name`, `oper_url`, `oper_ip`, `oper_location`, `oper_param`, `json_result`, `status`, `error_msg`, `oper_time`, `cost_time`) VALUES (122, '字典数据', 1, 'com.quantflow.web.controller.system.SysDictDataController.add()', 'POST', 1, 'admin', '研发部门', '/system/dict/data', '127.0.0.1', '内网IP', '{\"createBy\":\"admin\",\"default\":false,\"dictLabel\":\"策略类型\",\"dictSort\":0,\"dictType\":\"qf_order_type\",\"dictValue\":\"qf_strategy_type\",\"listClass\":\"default\",\"params\":{},\"status\":\"0\"}', '{\"msg\":\"操作成功\",\"code\":200}', 0, NULL, '2025-10-31 12:15:35', 102);
INSERT INTO `sys_oper_log` (`oper_id`, `title`, `business_type`, `method`, `request_method`, `operator_type`, `oper_name`, `dept_name`, `oper_url`, `oper_ip`, `oper_location`, `oper_param`, `json_result`, `status`, `error_msg`, `oper_time`, `cost_time`) VALUES (123, '字典类型', 3, 'com.quantflow.web.controller.system.SysDictDataController.remove()', 'DELETE', 1, 'admin', '研发部门', '/system/dict/data/107', '127.0.0.1', '内网IP', '[107]', '{\"msg\":\"操作成功\",\"code\":200}', 0, NULL, '2025-10-31 12:15:41', 32);
INSERT INTO `sys_oper_log` (`oper_id`, `title`, `business_type`, `method`, `request_method`, `operator_type`, `oper_name`, `dept_name`, `oper_url`, `oper_ip`, `oper_location`, `oper_param`, `json_result`, `status`, `error_msg`, `oper_time`, `cost_time`) VALUES (124, '字典类型', 3, 'com.quantflow.web.controller.system.SysDictDataController.remove()', 'DELETE', 1, 'admin', '研发部门', '/system/dict/data/108', '127.0.0.1', '内网IP', '[108]', '{\"msg\":\"操作成功\",\"code\":200}', 0, NULL, '2025-10-31 12:15:43', 20);
INSERT INTO `sys_oper_log` (`oper_id`, `title`, `business_type`, `method`, `request_method`, `operator_type`, `oper_name`, `dept_name`, `oper_url`, `oper_ip`, `oper_location`, `oper_param`, `json_result`, `status`, `error_msg`, `oper_time`, `cost_time`) VALUES (125, '字典类型', 1, 'com.quantflow.web.controller.system.SysDictTypeController.add()', 'POST', 1, 'admin', '研发部门', '/system/dict/type', '127.0.0.1', '内网IP', '{\"createBy\":\"admin\",\"dictName\":\"策略类型\",\"dictType\":\"qf_strategy_type\",\"params\":{},\"status\":\"0\"}', '{\"msg\":\"操作成功\",\"code\":200}', 0, NULL, '2025-10-31 12:15:58', 28);
INSERT INTO `sys_oper_log` (`oper_id`, `title`, `business_type`, `method`, `request_method`, `operator_type`, `oper_name`, `dept_name`, `oper_url`, `oper_ip`, `oper_location`, `oper_param`, `json_result`, `status`, `error_msg`, `oper_time`, `cost_time`) VALUES (126, '字典类型', 1, 'com.quantflow.web.controller.system.SysDictTypeController.add()', 'POST', 1, 'admin', '研发部门', '/system/dict/type', '127.0.0.1', '内网IP', '{\"createBy\":\"admin\",\"dictName\":\"订单状态\",\"dictType\":\"qf_order_status\",\"params\":{},\"status\":\"0\"}', '{\"msg\":\"操作成功\",\"code\":200}', 0, NULL, '2025-10-31 12:16:15', 44);
INSERT INTO `sys_oper_log` (`oper_id`, `title`, `business_type`, `method`, `request_method`, `operator_type`, `oper_name`, `dept_name`, `oper_url`, `oper_ip`, `oper_location`, `oper_param`, `json_result`, `status`, `error_msg`, `oper_time`, `cost_time`) VALUES (127, '字典类型', 1, 'com.quantflow.web.controller.system.SysDictTypeController.add()', 'POST', 1, 'admin', '研发部门', '/system/dict/type', '127.0.0.1', '内网IP', '{\"createBy\":\"admin\",\"dictName\":\"K线周期\",\"dictType\":\"qf_interval\",\"params\":{},\"status\":\"0\"}', '{\"msg\":\"操作成功\",\"code\":200}', 0, NULL, '2025-10-31 12:16:27', 23);
INSERT INTO `sys_oper_log` (`oper_id`, `title`, `business_type`, `method`, `request_method`, `operator_type`, `oper_name`, `dept_name`, `oper_url`, `oper_ip`, `oper_location`, `oper_param`, `json_result`, `status`, `error_msg`, `oper_time`, `cost_time`) VALUES (128, '字典数据', 1, 'com.quantflow.web.controller.system.SysDictDataController.add()', 'POST', 1, 'admin', '研发部门', '/system/dict/data', '127.0.0.1', '内网IP', '{\"createBy\":\"admin\",\"default\":false,\"dictLabel\":\"待提交\",\"dictSort\":1,\"dictType\":\"qf_order_status\",\"dictValue\":\"PENDING\",\"listClass\":\"default\",\"params\":{},\"status\":\"0\"}', '{\"msg\":\"操作成功\",\"code\":200}', 0, NULL, '2025-10-31 12:16:56', 19);
INSERT INTO `sys_oper_log` (`oper_id`, `title`, `business_type`, `method`, `request_method`, `operator_type`, `oper_name`, `dept_name`, `oper_url`, `oper_ip`, `oper_location`, `oper_param`, `json_result`, `status`, `error_msg`, `oper_time`, `cost_time`) VALUES (129, '字典数据', 1, 'com.quantflow.web.controller.system.SysDictDataController.add()', 'POST', 1, 'admin', '研发部门', '/system/dict/data', '127.0.0.1', '内网IP', '{\"createBy\":\"admin\",\"default\":false,\"dictLabel\":\"已提交\",\"dictSort\":2,\"dictType\":\"qf_order_status\",\"dictValue\":\"SUBMITTED\",\"listClass\":\"default\",\"params\":{},\"status\":\"0\"}', '{\"msg\":\"操作成功\",\"code\":200}', 0, NULL, '2025-10-31 12:17:07', 113);
INSERT INTO `sys_oper_log` (`oper_id`, `title`, `business_type`, `method`, `request_method`, `operator_type`, `oper_name`, `dept_name`, `oper_url`, `oper_ip`, `oper_location`, `oper_param`, `json_result`, `status`, `error_msg`, `oper_time`, `cost_time`) VALUES (130, '字典数据', 1, 'com.quantflow.web.controller.system.SysDictDataController.add()', 'POST', 1, 'admin', '研发部门', '/system/dict/data', '127.0.0.1', '内网IP', '{\"createBy\":\"admin\",\"default\":false,\"dictLabel\":\"部分成交\",\"dictSort\":3,\"dictType\":\"qf_order_status\",\"dictValue\":\"PARTIAL_FILLED\",\"listClass\":\"default\",\"params\":{},\"status\":\"0\"}', '{\"msg\":\"操作成功\",\"code\":200}', 0, NULL, '2025-10-31 12:17:19', 22);
INSERT INTO `sys_oper_log` (`oper_id`, `title`, `business_type`, `method`, `request_method`, `operator_type`, `oper_name`, `dept_name`, `oper_url`, `oper_ip`, `oper_location`, `oper_param`, `json_result`, `status`, `error_msg`, `oper_time`, `cost_time`) VALUES (131, '字典数据', 1, 'com.quantflow.web.controller.system.SysDictDataController.add()', 'POST', 1, 'admin', '研发部门', '/system/dict/data', '127.0.0.1', '内网IP', '{\"createBy\":\"admin\",\"default\":false,\"dictLabel\":\"完全成交\",\"dictSort\":3,\"dictType\":\"qf_order_status\",\"dictValue\":\"FILLED\",\"listClass\":\"default\",\"params\":{},\"status\":\"0\"}', '{\"msg\":\"操作成功\",\"code\":200}', 0, NULL, '2025-10-31 12:17:30', 20);
INSERT INTO `sys_oper_log` (`oper_id`, `title`, `business_type`, `method`, `request_method`, `operator_type`, `oper_name`, `dept_name`, `oper_url`, `oper_ip`, `oper_location`, `oper_param`, `json_result`, `status`, `error_msg`, `oper_time`, `cost_time`) VALUES (132, '字典数据', 2, 'com.quantflow.web.controller.system.SysDictDataController.edit()', 'PUT', 1, 'admin', '研发部门', '/system/dict/data', '127.0.0.1', '内网IP', '{\"createBy\":\"admin\",\"createTime\":\"2025-10-31 08:17:30\",\"default\":false,\"dictCode\":112,\"dictLabel\":\"完全成交\",\"dictSort\":4,\"dictType\":\"qf_order_status\",\"dictValue\":\"FILLED\",\"isDefault\":\"N\",\"listClass\":\"default\",\"params\":{},\"status\":\"0\",\"updateBy\":\"admin\"}', '{\"msg\":\"操作成功\",\"code\":200}', 0, NULL, '2025-10-31 12:17:34', 20);
INSERT INTO `sys_oper_log` (`oper_id`, `title`, `business_type`, `method`, `request_method`, `operator_type`, `oper_name`, `dept_name`, `oper_url`, `oper_ip`, `oper_location`, `oper_param`, `json_result`, `status`, `error_msg`, `oper_time`, `cost_time`) VALUES (133, '字典数据', 1, 'com.quantflow.web.controller.system.SysDictDataController.add()', 'POST', 1, 'admin', '研发部门', '/system/dict/data', '127.0.0.1', '内网IP', '{\"createBy\":\"admin\",\"default\":false,\"dictLabel\":\"已取消\",\"dictSort\":5,\"dictType\":\"qf_order_status\",\"dictValue\":\"CANCELLED\",\"listClass\":\"default\",\"params\":{},\"status\":\"0\"}', '{\"msg\":\"操作成功\",\"code\":200}', 0, NULL, '2025-10-31 12:17:46', 26);
INSERT INTO `sys_oper_log` (`oper_id`, `title`, `business_type`, `method`, `request_method`, `operator_type`, `oper_name`, `dept_name`, `oper_url`, `oper_ip`, `oper_location`, `oper_param`, `json_result`, `status`, `error_msg`, `oper_time`, `cost_time`) VALUES (134, '字典数据', 1, 'com.quantflow.web.controller.system.SysDictDataController.add()', 'POST', 1, 'admin', '研发部门', '/system/dict/data', '127.0.0.1', '内网IP', '{\"createBy\":\"admin\",\"default\":false,\"dictLabel\":\"已拒绝\",\"dictSort\":6,\"dictType\":\"qf_order_status\",\"dictValue\":\"REJECTED\",\"listClass\":\"default\",\"params\":{},\"status\":\"0\"}', '{\"msg\":\"操作成功\",\"code\":200}', 0, NULL, '2025-10-31 12:17:56', 23);
INSERT INTO `sys_oper_log` (`oper_id`, `title`, `business_type`, `method`, `request_method`, `operator_type`, `oper_name`, `dept_name`, `oper_url`, `oper_ip`, `oper_location`, `oper_param`, `json_result`, `status`, `error_msg`, `oper_time`, `cost_time`) VALUES (135, '字典数据', 1, 'com.quantflow.web.controller.system.SysDictDataController.add()', 'POST', 1, 'admin', '研发部门', '/system/dict/data', '127.0.0.1', '内网IP', '{\"createBy\":\"admin\",\"default\":false,\"dictLabel\":\"失败\",\"dictSort\":7,\"dictType\":\"qf_order_status\",\"dictValue\":\"FAILED\",\"listClass\":\"default\",\"params\":{},\"status\":\"0\"}', '{\"msg\":\"操作成功\",\"code\":200}', 0, NULL, '2025-10-31 12:18:09', 32);
INSERT INTO `sys_oper_log` (`oper_id`, `title`, `business_type`, `method`, `request_method`, `operator_type`, `oper_name`, `dept_name`, `oper_url`, `oper_ip`, `oper_location`, `oper_param`, `json_result`, `status`, `error_msg`, `oper_time`, `cost_time`) VALUES (136, '字典数据', 2, 'com.quantflow.web.controller.system.SysDictDataController.edit()', 'PUT', 1, 'admin', '研发部门', '/system/dict/data', '127.0.0.1', '内网IP', '{\"createBy\":\"admin\",\"createTime\":\"2025-10-31 08:18:09\",\"default\":false,\"dictCode\":118,\"dictLabel\":\"套利策略\",\"dictSort\":3,\"dictType\":\"qf_strategy_type\",\"dictValue\":\"ARBITRAGE\",\"isDefault\":\"N\",\"listClass\":\"default\",\"params\":{},\"status\":\"0\",\"updateBy\":\"admin\"}', '{\"msg\":\"操作成功\",\"code\":200}', 0, NULL, '2025-10-31 12:24:05', 87);
INSERT INTO `sys_oper_log` (`oper_id`, `title`, `business_type`, `method`, `request_method`, `operator_type`, `oper_name`, `dept_name`, `oper_url`, `oper_ip`, `oper_location`, `oper_param`, `json_result`, `status`, `error_msg`, `oper_time`, `cost_time`) VALUES (137, '代码生成', 6, 'com.quantflow.generator.controller.GenController.importTableSave()', 'POST', 1, 'admin', '研发部门', '/tool/gen/importTable', '127.0.0.1', '内网IP', '{\"tables\":\"qf_account\"}', '{\"msg\":\"操作成功\",\"code\":200}', 0, NULL, '2025-10-31 12:24:41', 119);
INSERT INTO `sys_oper_log` (`oper_id`, `title`, `business_type`, `method`, `request_method`, `operator_type`, `oper_name`, `dept_name`, `oper_url`, `oper_ip`, `oper_location`, `oper_param`, `json_result`, `status`, `error_msg`, `oper_time`, `cost_time`) VALUES (138, '代码生成', 2, 'com.quantflow.generator.controller.GenController.editSave()', 'PUT', 1, 'admin', '研发部门', '/tool/gen', '127.0.0.1', '内网IP', '{\"businessName\":\"account\",\"className\":\"QfAccount\",\"columns\":[{\"capJavaField\":\"Id\",\"columnComment\":\"账户ID\",\"columnId\":1,\"columnName\":\"id\",\"columnType\":\"bigint\",\"createBy\":\"admin\",\"createTime\":\"2025-10-31 08:24:41\",\"dictType\":\"\",\"edit\":false,\"htmlType\":\"input\",\"increment\":true,\"insert\":false,\"isIncrement\":\"1\",\"isInsert\":\"0\",\"isPk\":\"1\",\"isQuery\":\"0\",\"isRequired\":\"0\",\"javaField\":\"id\",\"javaType\":\"Long\",\"list\":false,\"params\":{},\"pk\":true,\"query\":false,\"queryType\":\"EQ\",\"required\":false,\"sort\":1,\"superColumn\":false,\"tableId\":1,\"updateBy\":\"\",\"usableColumn\":false},{\"capJavaField\":\"UserId\",\"columnComment\":\"用户ID\",\"columnId\":2,\"columnName\":\"user_id\",\"columnType\":\"bigint\",\"createBy\":\"admin\",\"createTime\":\"2025-10-31 08:24:41\",\"dictType\":\"\",\"edit\":false,\"htmlType\":\"input\",\"increment\":false,\"insert\":true,\"isEdit\":\"0\",\"isIncrement\":\"0\",\"isInsert\":\"1\",\"isList\":\"0\",\"isPk\":\"0\",\"isQuery\":\"1\",\"isRequired\":\"1\",\"javaField\":\"userId\",\"javaType\":\"Long\",\"list\":false,\"params\":{},\"pk\":false,\"query\":true,\"queryType\":\"EQ\",\"required\":true,\"sort\":2,\"superColumn\":false,\"tableId\":1,\"updateBy\":\"\",\"usableColumn\":false},{\"capJavaField\":\"AccountName\",\"columnComment\":\"账户名称\",\"columnId\":3,\"columnName\":\"account_name\",\"columnType\":\"varchar(100)\",\"createBy\":\"admin\",\"createTime\":\"2025-10-31 08:24:41\",\"dictType\":\"\",\"edit\":true,\"htmlType\":\"input\",\"increment\":false,\"insert\":true,\"isEdit\":\"1\",\"isIncrement\":\"0\",\"isInsert\":\"1\",\"isList\":\"1\",\"isPk\":\"0\",\"isQuery\":\"1\",\"isRequired\":\"1\",\"javaField\":\"accountName\",\"javaType\":\"String\",\"list\":true,\"params\":{},\"pk\":false,\"query\":true,\"queryType\":\"LIKE\",\"required\":true,\"sort\":3,\"superColumn\":false,\"tableId\":1,\"updateBy\":\"\",\"usableColumn\":false},{\"capJavaField\":\"Exchange\",\"columnComment\":\"交易所\",\"columnId\":4,\"columnName\":\"exchange\",\"columnType\":\"varchar(50)\",\"createBy\":\"admin\",\"createTime\":\"2025-10-31 08:24:41\",\"dictType\":\"qf_exchange_type\",\"edit\":true,\"htmlType\":\"select\",\"increment\":false,\"insert\":true,\"isEdit\":\"1\",\"isIncrement\":\"0\",\"isInsert\":\"1\",\"isList\":\"1\",\"isPk\":\"0\",\"isQuery\":\"1', '{\"msg\":\"操作成功\",\"code\":200}', 0, NULL, '2025-10-31 12:33:21', 54);
INSERT INTO `sys_oper_log` (`oper_id`, `title`, `business_type`, `method`, `request_method`, `operator_type`, `oper_name`, `dept_name`, `oper_url`, `oper_ip`, `oper_location`, `oper_param`, `json_result`, `status`, `error_msg`, `oper_time`, `cost_time`) VALUES (139, '代码生成', 8, 'com.quantflow.generator.controller.GenController.batchGenCode()', 'GET', 1, 'admin', '研发部门', '/tool/gen/batchGenCode', '127.0.0.1', '内网IP', '{\"tables\":\"qf_account\"}', NULL, 0, NULL, '2025-10-31 12:33:24', 135);
INSERT INTO `sys_oper_log` (`oper_id`, `title`, `business_type`, `method`, `request_method`, `operator_type`, `oper_name`, `dept_name`, `oper_url`, `oper_ip`, `oper_location`, `oper_param`, `json_result`, `status`, `error_msg`, `oper_time`, `cost_time`) VALUES (140, '代码生成', 2, 'com.quantflow.generator.controller.GenController.editSave()', 'PUT', 1, 'admin', '研发部门', '/tool/gen', '127.0.0.1', '内网IP', '{\"businessName\":\"account\",\"className\":\"QfAccount\",\"columns\":[{\"capJavaField\":\"Id\",\"columnComment\":\"账户ID\",\"columnId\":1,\"columnName\":\"id\",\"columnType\":\"bigint\",\"createBy\":\"admin\",\"createTime\":\"2025-10-31 08:24:41\",\"dictType\":\"\",\"edit\":false,\"htmlType\":\"input\",\"increment\":true,\"insert\":false,\"isIncrement\":\"1\",\"isInsert\":\"0\",\"isPk\":\"1\",\"isQuery\":\"0\",\"isRequired\":\"0\",\"javaField\":\"id\",\"javaType\":\"Long\",\"list\":false,\"params\":{},\"pk\":true,\"query\":false,\"queryType\":\"EQ\",\"required\":false,\"sort\":1,\"superColumn\":false,\"tableId\":1,\"updateBy\":\"\",\"updateTime\":\"2025-10-31 08:33:21\",\"usableColumn\":false},{\"capJavaField\":\"UserId\",\"columnComment\":\"用户ID\",\"columnId\":2,\"columnName\":\"user_id\",\"columnType\":\"bigint\",\"createBy\":\"admin\",\"createTime\":\"2025-10-31 08:24:41\",\"dictType\":\"\",\"edit\":false,\"htmlType\":\"input\",\"increment\":false,\"insert\":true,\"isEdit\":\"0\",\"isIncrement\":\"0\",\"isInsert\":\"1\",\"isList\":\"0\",\"isPk\":\"0\",\"isQuery\":\"1\",\"isRequired\":\"1\",\"javaField\":\"userId\",\"javaType\":\"Long\",\"list\":false,\"params\":{},\"pk\":false,\"query\":true,\"queryType\":\"EQ\",\"required\":true,\"sort\":2,\"superColumn\":false,\"tableId\":1,\"updateBy\":\"\",\"updateTime\":\"2025-10-31 08:33:21\",\"usableColumn\":false},{\"capJavaField\":\"AccountName\",\"columnComment\":\"账户名称\",\"columnId\":3,\"columnName\":\"account_name\",\"columnType\":\"varchar(100)\",\"createBy\":\"admin\",\"createTime\":\"2025-10-31 08:24:41\",\"dictType\":\"\",\"edit\":true,\"htmlType\":\"input\",\"increment\":false,\"insert\":true,\"isEdit\":\"1\",\"isIncrement\":\"0\",\"isInsert\":\"1\",\"isList\":\"1\",\"isPk\":\"0\",\"isQuery\":\"1\",\"isRequired\":\"1\",\"javaField\":\"accountName\",\"javaType\":\"String\",\"list\":true,\"params\":{},\"pk\":false,\"query\":true,\"queryType\":\"LIKE\",\"required\":true,\"sort\":3,\"superColumn\":false,\"tableId\":1,\"updateBy\":\"\",\"updateTime\":\"2025-10-31 08:33:21\",\"usableColumn\":false},{\"capJavaField\":\"Exchange\",\"columnComment\":\"交易所\",\"columnId\":4,\"columnName\":\"exchange\",\"columnType\":\"varchar(50)\",\"createBy\":\"admin\",\"createTime\":\"2025-10-31 08:24:41\",\"dictType\":\"qf_exchange_type\",\"edit\":true,\"htmlType\":\"select\",\"incremen', '{\"msg\":\"操作成功\",\"code\":200}', 0, NULL, '2025-10-31 12:41:11', 68);
INSERT INTO `sys_oper_log` (`oper_id`, `title`, `business_type`, `method`, `request_method`, `operator_type`, `oper_name`, `dept_name`, `oper_url`, `oper_ip`, `oper_location`, `oper_param`, `json_result`, `status`, `error_msg`, `oper_time`, `cost_time`) VALUES (141, '代码生成', 8, 'com.quantflow.generator.controller.GenController.batchGenCode()', 'GET', 1, 'admin', '研发部门', '/tool/gen/batchGenCode', '127.0.0.1', '内网IP', '{\"tables\":\"qf_account\"}', NULL, 0, NULL, '2025-10-31 12:41:13', 95);
INSERT INTO `sys_oper_log` (`oper_id`, `title`, `business_type`, `method`, `request_method`, `operator_type`, `oper_name`, `dept_name`, `oper_url`, `oper_ip`, `oper_location`, `oper_param`, `json_result`, `status`, `error_msg`, `oper_time`, `cost_time`) VALUES (142, '账户', 2, 'com.quantflow.trading.account.controller.QfAccountController.edit()', 'PUT', 1, 'admin', '研发部门', '/trading/account', '127.0.0.1', '内网IP', '{\"accountName\":\"币安测试账户\",\"createBy\":\"admin\",\"createTime\":\"2025-10-31 08:18:20\",\"exchange\":\"binance\",\"id\":1,\"maskedApiKey\":\"bCzd****Xg==\",\"params\":{},\"remark\":\"用于测试的币安账户\",\"status\":1,\"updateBy\":\"\",\"updateTime\":\"2025-10-31 08:18:20\",\"userId\":1}', '{\"msg\":\"操作成功\",\"code\":200}', 0, NULL, '2025-10-31 12:56:35', 28);
INSERT INTO `sys_oper_log` (`oper_id`, `title`, `business_type`, `method`, `request_method`, `operator_type`, `oper_name`, `dept_name`, `oper_url`, `oper_ip`, `oper_location`, `oper_param`, `json_result`, `status`, `error_msg`, `oper_time`, `cost_time`) VALUES (143, '代码生成', 6, 'com.quantflow.generator.controller.GenController.importTableSave()', 'POST', 1, 'admin', '研发部门', '/tool/gen/importTable', '127.0.0.1', '内网IP', '{\"tables\":\"qf_strategy\"}', '{\"msg\":\"操作成功\",\"code\":200}', 0, NULL, '2025-11-01 13:40:39', 164);
INSERT INTO `sys_oper_log` (`oper_id`, `title`, `business_type`, `method`, `request_method`, `operator_type`, `oper_name`, `dept_name`, `oper_url`, `oper_ip`, `oper_location`, `oper_param`, `json_result`, `status`, `error_msg`, `oper_time`, `cost_time`) VALUES (144, '代码生成', 2, 'com.quantflow.generator.controller.GenController.editSave()', 'PUT', 1, 'admin', '研发部门', '/tool/gen', '127.0.0.1', '内网IP', '{\"businessName\":\"strategy\",\"className\":\"Strategy\",\"columns\":[{\"capJavaField\":\"Id\",\"columnComment\":\"策略ID\",\"columnId\":15,\"columnName\":\"id\",\"columnType\":\"bigint\",\"createBy\":\"admin\",\"createTime\":\"2025-11-01 09:40:39\",\"dictType\":\"\",\"edit\":false,\"htmlType\":\"input\",\"increment\":true,\"insert\":true,\"isIncrement\":\"1\",\"isInsert\":\"1\",\"isPk\":\"1\",\"isRequired\":\"0\",\"javaField\":\"id\",\"javaType\":\"Long\",\"list\":false,\"params\":{},\"pk\":true,\"query\":false,\"queryType\":\"EQ\",\"required\":false,\"sort\":1,\"superColumn\":false,\"tableId\":2,\"updateBy\":\"\",\"usableColumn\":false},{\"capJavaField\":\"Name\",\"columnComment\":\"策略名称\",\"columnId\":16,\"columnName\":\"name\",\"columnType\":\"varchar(100)\",\"createBy\":\"admin\",\"createTime\":\"2025-11-01 09:40:39\",\"dictType\":\"\",\"edit\":true,\"htmlType\":\"input\",\"increment\":false,\"insert\":true,\"isEdit\":\"1\",\"isIncrement\":\"0\",\"isInsert\":\"1\",\"isList\":\"1\",\"isPk\":\"0\",\"isQuery\":\"1\",\"isRequired\":\"1\",\"javaField\":\"name\",\"javaType\":\"String\",\"list\":true,\"params\":{},\"pk\":false,\"query\":true,\"queryType\":\"LIKE\",\"required\":true,\"sort\":2,\"superColumn\":false,\"tableId\":2,\"updateBy\":\"\",\"usableColumn\":false},{\"capJavaField\":\"Code\",\"columnComment\":\"策略代码\",\"columnId\":17,\"columnName\":\"code\",\"columnType\":\"varchar(50)\",\"createBy\":\"admin\",\"createTime\":\"2025-11-01 09:40:39\",\"dictType\":\"\",\"edit\":true,\"htmlType\":\"input\",\"increment\":false,\"insert\":true,\"isEdit\":\"1\",\"isIncrement\":\"0\",\"isInsert\":\"1\",\"isList\":\"1\",\"isPk\":\"0\",\"isQuery\":\"1\",\"isRequired\":\"0\",\"javaField\":\"code\",\"javaType\":\"String\",\"list\":true,\"params\":{},\"pk\":false,\"query\":true,\"queryType\":\"EQ\",\"required\":false,\"sort\":3,\"superColumn\":false,\"tableId\":2,\"updateBy\":\"\",\"usableColumn\":false},{\"capJavaField\":\"Type\",\"columnComment\":\"策略类型\",\"columnId\":18,\"columnName\":\"type\",\"columnType\":\"varchar(50)\",\"createBy\":\"admin\",\"createTime\":\"2025-11-01 09:40:39\",\"dictType\":\"\",\"edit\":true,\"htmlType\":\"select\",\"increment\":false,\"insert\":true,\"isEdit\":\"1\",\"isIncrement\":\"0\",\"isInsert\":\"1\",\"isList\":\"1\",\"isPk\":\"0\",\"isQuery\":\"1\",\"isRequired\":\"0\",\"javaField\":\"type\",\"javaType\":\"String\"', '{\"msg\":\"操作成功\",\"code\":200}', 0, NULL, '2025-11-01 13:42:15', 76);
INSERT INTO `sys_oper_log` (`oper_id`, `title`, `business_type`, `method`, `request_method`, `operator_type`, `oper_name`, `dept_name`, `oper_url`, `oper_ip`, `oper_location`, `oper_param`, `json_result`, `status`, `error_msg`, `oper_time`, `cost_time`) VALUES (145, '代码生成', 2, 'com.quantflow.generator.controller.GenController.editSave()', 'PUT', 1, 'admin', '研发部门', '/tool/gen', '127.0.0.1', '内网IP', '{\"businessName\":\"strategy\",\"className\":\"Strategy\",\"columns\":[{\"capJavaField\":\"Id\",\"columnComment\":\"策略ID\",\"columnId\":15,\"columnName\":\"id\",\"columnType\":\"bigint\",\"createBy\":\"admin\",\"createTime\":\"2025-11-01 09:40:39\",\"dictType\":\"\",\"edit\":false,\"htmlType\":\"input\",\"increment\":true,\"insert\":false,\"isIncrement\":\"1\",\"isInsert\":\"0\",\"isList\":\"1\",\"isPk\":\"1\",\"isRequired\":\"0\",\"javaField\":\"id\",\"javaType\":\"Long\",\"list\":true,\"params\":{},\"pk\":true,\"query\":false,\"queryType\":\"EQ\",\"required\":false,\"sort\":1,\"superColumn\":false,\"tableId\":2,\"updateBy\":\"\",\"updateTime\":\"2025-11-01 09:42:15\",\"usableColumn\":false},{\"capJavaField\":\"Name\",\"columnComment\":\"策略名称\",\"columnId\":16,\"columnName\":\"name\",\"columnType\":\"varchar(100)\",\"createBy\":\"admin\",\"createTime\":\"2025-11-01 09:40:39\",\"dictType\":\"\",\"edit\":true,\"htmlType\":\"input\",\"increment\":false,\"insert\":true,\"isEdit\":\"1\",\"isIncrement\":\"0\",\"isInsert\":\"1\",\"isList\":\"1\",\"isPk\":\"0\",\"isQuery\":\"1\",\"isRequired\":\"1\",\"javaField\":\"name\",\"javaType\":\"String\",\"list\":true,\"params\":{},\"pk\":false,\"query\":true,\"queryType\":\"LIKE\",\"required\":true,\"sort\":2,\"superColumn\":false,\"tableId\":2,\"updateBy\":\"\",\"updateTime\":\"2025-11-01 09:42:15\",\"usableColumn\":false},{\"capJavaField\":\"Code\",\"columnComment\":\"策略代码\",\"columnId\":17,\"columnName\":\"code\",\"columnType\":\"varchar(50)\",\"createBy\":\"admin\",\"createTime\":\"2025-11-01 09:40:39\",\"dictType\":\"\",\"edit\":true,\"htmlType\":\"input\",\"increment\":false,\"insert\":true,\"isEdit\":\"1\",\"isIncrement\":\"0\",\"isInsert\":\"1\",\"isList\":\"1\",\"isPk\":\"0\",\"isQuery\":\"1\",\"isRequired\":\"0\",\"javaField\":\"code\",\"javaType\":\"String\",\"list\":true,\"params\":{},\"pk\":false,\"query\":true,\"queryType\":\"LIKE\",\"required\":false,\"sort\":3,\"superColumn\":false,\"tableId\":2,\"updateBy\":\"\",\"updateTime\":\"2025-11-01 09:42:15\",\"usableColumn\":false},{\"capJavaField\":\"Type\",\"columnComment\":\"策略类型\",\"columnId\":18,\"columnName\":\"type\",\"columnType\":\"varchar(50)\",\"createBy\":\"admin\",\"createTime\":\"2025-11-01 09:40:39\",\"dictType\":\"\",\"edit\":true,\"htmlType\":\"select\",\"increment\":false,\"insert\":true,\"isEdit\":\"1\",\"isInc', '{\"msg\":\"操作成功\",\"code\":200}', 0, NULL, '2025-11-01 13:44:51', 59);
INSERT INTO `sys_oper_log` (`oper_id`, `title`, `business_type`, `method`, `request_method`, `operator_type`, `oper_name`, `dept_name`, `oper_url`, `oper_ip`, `oper_location`, `oper_param`, `json_result`, `status`, `error_msg`, `oper_time`, `cost_time`) VALUES (146, '字典类型', 1, 'com.quantflow.web.controller.system.SysDictTypeController.add()', 'POST', 1, 'admin', '研发部门', '/system/dict/type', '127.0.0.1', '内网IP', '{\"createBy\":\"admin\",\"dictName\":\"策略状态\",\"dictType\":\"strategy_status\",\"params\":{},\"status\":\"0\"}', '{\"msg\":\"操作成功\",\"code\":200}', 0, NULL, '2025-11-01 13:45:32', 42);
INSERT INTO `sys_oper_log` (`oper_id`, `title`, `business_type`, `method`, `request_method`, `operator_type`, `oper_name`, `dept_name`, `oper_url`, `oper_ip`, `oper_location`, `oper_param`, `json_result`, `status`, `error_msg`, `oper_time`, `cost_time`) VALUES (147, '字典数据', 1, 'com.quantflow.web.controller.system.SysDictDataController.add()', 'POST', 1, 'admin', '研发部门', '/system/dict/data', '127.0.0.1', '内网IP', '{\"createBy\":\"admin\",\"default\":false,\"dictLabel\":\"停用\",\"dictSort\":1,\"dictType\":\"strategy_status\",\"dictValue\":\"0\",\"listClass\":\"default\",\"params\":{},\"status\":\"0\"}', '{\"msg\":\"操作成功\",\"code\":200}', 0, NULL, '2025-11-01 13:45:53', 32);
INSERT INTO `sys_oper_log` (`oper_id`, `title`, `business_type`, `method`, `request_method`, `operator_type`, `oper_name`, `dept_name`, `oper_url`, `oper_ip`, `oper_location`, `oper_param`, `json_result`, `status`, `error_msg`, `oper_time`, `cost_time`) VALUES (148, '字典数据', 1, 'com.quantflow.web.controller.system.SysDictDataController.add()', 'POST', 1, 'admin', '研发部门', '/system/dict/data', '127.0.0.1', '内网IP', '{\"createBy\":\"admin\",\"default\":false,\"dictLabel\":\"启用\",\"dictSort\":2,\"dictType\":\"strategy_status\",\"dictValue\":\"1\",\"listClass\":\"default\",\"params\":{},\"status\":\"0\"}', '{\"msg\":\"操作成功\",\"code\":200}', 0, NULL, '2025-11-01 13:46:11', 27);
INSERT INTO `sys_oper_log` (`oper_id`, `title`, `business_type`, `method`, `request_method`, `operator_type`, `oper_name`, `dept_name`, `oper_url`, `oper_ip`, `oper_location`, `oper_param`, `json_result`, `status`, `error_msg`, `oper_time`, `cost_time`) VALUES (149, '字典数据', 1, 'com.quantflow.web.controller.system.SysDictDataController.add()', 'POST', 1, 'admin', '研发部门', '/system/dict/data', '127.0.0.1', '内网IP', '{\"createBy\":\"admin\",\"default\":false,\"dictLabel\":\"运行中\",\"dictSort\":3,\"dictType\":\"strategy_status\",\"dictValue\":\"2\",\"listClass\":\"default\",\"params\":{},\"status\":\"0\"}', '{\"msg\":\"操作成功\",\"code\":200}', 0, NULL, '2025-11-01 13:46:23', 42);
INSERT INTO `sys_oper_log` (`oper_id`, `title`, `business_type`, `method`, `request_method`, `operator_type`, `oper_name`, `dept_name`, `oper_url`, `oper_ip`, `oper_location`, `oper_param`, `json_result`, `status`, `error_msg`, `oper_time`, `cost_time`) VALUES (150, '代码生成', 2, 'com.quantflow.generator.controller.GenController.editSave()', 'PUT', 1, 'admin', '研发部门', '/tool/gen', '127.0.0.1', '内网IP', '{\"businessName\":\"strategy\",\"className\":\"Strategy\",\"columns\":[{\"capJavaField\":\"Id\",\"columnComment\":\"策略ID\",\"columnId\":15,\"columnName\":\"id\",\"columnType\":\"bigint\",\"createBy\":\"admin\",\"createTime\":\"2025-11-01 09:40:39\",\"dictType\":\"\",\"edit\":false,\"htmlType\":\"input\",\"increment\":true,\"insert\":false,\"isIncrement\":\"1\",\"isInsert\":\"0\",\"isList\":\"1\",\"isPk\":\"1\",\"isRequired\":\"0\",\"javaField\":\"id\",\"javaType\":\"Long\",\"list\":true,\"params\":{},\"pk\":true,\"query\":false,\"queryType\":\"EQ\",\"required\":false,\"sort\":1,\"superColumn\":false,\"tableId\":2,\"updateBy\":\"\",\"updateTime\":\"2025-11-01 09:44:51\",\"usableColumn\":false},{\"capJavaField\":\"Name\",\"columnComment\":\"策略名称\",\"columnId\":16,\"columnName\":\"name\",\"columnType\":\"varchar(100)\",\"createBy\":\"admin\",\"createTime\":\"2025-11-01 09:40:39\",\"dictType\":\"\",\"edit\":true,\"htmlType\":\"input\",\"increment\":false,\"insert\":true,\"isEdit\":\"1\",\"isIncrement\":\"0\",\"isInsert\":\"1\",\"isList\":\"1\",\"isPk\":\"0\",\"isQuery\":\"1\",\"isRequired\":\"1\",\"javaField\":\"name\",\"javaType\":\"String\",\"list\":true,\"params\":{},\"pk\":false,\"query\":true,\"queryType\":\"LIKE\",\"required\":true,\"sort\":2,\"superColumn\":false,\"tableId\":2,\"updateBy\":\"\",\"updateTime\":\"2025-11-01 09:44:51\",\"usableColumn\":false},{\"capJavaField\":\"Code\",\"columnComment\":\"策略代码\",\"columnId\":17,\"columnName\":\"code\",\"columnType\":\"varchar(50)\",\"createBy\":\"admin\",\"createTime\":\"2025-11-01 09:40:39\",\"dictType\":\"\",\"edit\":true,\"htmlType\":\"input\",\"increment\":false,\"insert\":true,\"isEdit\":\"1\",\"isIncrement\":\"0\",\"isInsert\":\"1\",\"isList\":\"1\",\"isPk\":\"0\",\"isQuery\":\"1\",\"isRequired\":\"0\",\"javaField\":\"code\",\"javaType\":\"String\",\"list\":true,\"params\":{},\"pk\":false,\"query\":true,\"queryType\":\"LIKE\",\"required\":false,\"sort\":3,\"superColumn\":false,\"tableId\":2,\"updateBy\":\"\",\"updateTime\":\"2025-11-01 09:44:51\",\"usableColumn\":false},{\"capJavaField\":\"Type\",\"columnComment\":\"策略类型\",\"columnId\":18,\"columnName\":\"type\",\"columnType\":\"varchar(50)\",\"createBy\":\"admin\",\"createTime\":\"2025-11-01 09:40:39\",\"dictType\":\"\",\"edit\":true,\"htmlType\":\"select\",\"increment\":false,\"insert\":true,\"isEdit\":\"1\",\"isInc', '{\"msg\":\"操作成功\",\"code\":200}', 0, NULL, '2025-11-01 13:46:43', 55);
INSERT INTO `sys_oper_log` (`oper_id`, `title`, `business_type`, `method`, `request_method`, `operator_type`, `oper_name`, `dept_name`, `oper_url`, `oper_ip`, `oper_location`, `oper_param`, `json_result`, `status`, `error_msg`, `oper_time`, `cost_time`) VALUES (151, '代码生成', 8, 'com.quantflow.generator.controller.GenController.batchGenCode()', 'GET', 1, 'admin', '研发部门', '/tool/gen/batchGenCode', '127.0.0.1', '内网IP', '{\"tables\":\"qf_strategy\"}', NULL, 0, NULL, '2025-11-01 13:46:46', 94);
INSERT INTO `sys_oper_log` (`oper_id`, `title`, `business_type`, `method`, `request_method`, `operator_type`, `oper_name`, `dept_name`, `oper_url`, `oper_ip`, `oper_location`, `oper_param`, `json_result`, `status`, `error_msg`, `oper_time`, `cost_time`) VALUES (152, '菜单管理', 1, 'com.quantflow.web.controller.system.SysMenuController.add()', 'POST', 1, 'admin', '研发部门', '/system/menu', '127.0.0.1', '内网IP', '{\"children\":[],\"createBy\":\"admin\",\"isCache\":\"0\",\"isFrame\":\"1\",\"menuName\":\"策略查询\",\"menuType\":\"F\",\"orderNum\":1,\"params\":{},\"parentId\":2003,\"perms\":\"rading:strategy:query\",\"status\":\"0\",\"visible\":\"0\"}', '{\"msg\":\"操作成功\",\"code\":200}', 0, NULL, '2025-11-01 13:53:57', 74);
INSERT INTO `sys_oper_log` (`oper_id`, `title`, `business_type`, `method`, `request_method`, `operator_type`, `oper_name`, `dept_name`, `oper_url`, `oper_ip`, `oper_location`, `oper_param`, `json_result`, `status`, `error_msg`, `oper_time`, `cost_time`) VALUES (153, '菜单管理', 1, 'com.quantflow.web.controller.system.SysMenuController.add()', 'POST', 1, 'admin', '研发部门', '/system/menu', '127.0.0.1', '内网IP', '{\"children\":[],\"createBy\":\"admin\",\"isCache\":\"0\",\"isFrame\":\"1\",\"menuName\":\"策略新增\",\"menuType\":\"F\",\"orderNum\":2,\"params\":{},\"parentId\":2003,\"perms\":\"trading:strategy:add\",\"status\":\"0\",\"visible\":\"0\"}', '{\"msg\":\"操作成功\",\"code\":200}', 0, NULL, '2025-11-01 13:54:16', 27);
INSERT INTO `sys_oper_log` (`oper_id`, `title`, `business_type`, `method`, `request_method`, `operator_type`, `oper_name`, `dept_name`, `oper_url`, `oper_ip`, `oper_location`, `oper_param`, `json_result`, `status`, `error_msg`, `oper_time`, `cost_time`) VALUES (154, '菜单管理', 1, 'com.quantflow.web.controller.system.SysMenuController.add()', 'POST', 1, 'admin', '研发部门', '/system/menu', '127.0.0.1', '内网IP', '{\"children\":[],\"createBy\":\"admin\",\"isCache\":\"0\",\"isFrame\":\"1\",\"menuName\":\"策略修改\",\"menuType\":\"F\",\"orderNum\":3,\"params\":{},\"parentId\":2003,\"perms\":\"trading:strategy:edit\",\"status\":\"0\",\"visible\":\"0\"}', '{\"msg\":\"操作成功\",\"code\":200}', 0, NULL, '2025-11-01 13:54:37', 37);
INSERT INTO `sys_oper_log` (`oper_id`, `title`, `business_type`, `method`, `request_method`, `operator_type`, `oper_name`, `dept_name`, `oper_url`, `oper_ip`, `oper_location`, `oper_param`, `json_result`, `status`, `error_msg`, `oper_time`, `cost_time`) VALUES (155, '菜单管理', 1, 'com.quantflow.web.controller.system.SysMenuController.add()', 'POST', 1, 'admin', '研发部门', '/system/menu', '127.0.0.1', '内网IP', '{\"children\":[],\"createBy\":\"admin\",\"isCache\":\"0\",\"isFrame\":\"1\",\"menuName\":\"策略删除\",\"menuType\":\"F\",\"orderNum\":4,\"params\":{},\"parentId\":2003,\"perms\":\"trading:strategy:remove\",\"status\":\"0\",\"visible\":\"0\"}', '{\"msg\":\"操作成功\",\"code\":200}', 0, NULL, '2025-11-01 13:54:52', 11);
INSERT INTO `sys_oper_log` (`oper_id`, `title`, `business_type`, `method`, `request_method`, `operator_type`, `oper_name`, `dept_name`, `oper_url`, `oper_ip`, `oper_location`, `oper_param`, `json_result`, `status`, `error_msg`, `oper_time`, `cost_time`) VALUES (156, '菜单管理', 1, 'com.quantflow.web.controller.system.SysMenuController.add()', 'POST', 1, 'admin', '研发部门', '/system/menu', '127.0.0.1', '内网IP', '{\"children\":[],\"createBy\":\"admin\",\"isCache\":\"0\",\"isFrame\":\"1\",\"menuName\":\"策略导出\",\"menuType\":\"F\",\"orderNum\":5,\"params\":{},\"parentId\":2003,\"perms\":\"trading:strategy:export\",\"status\":\"0\",\"visible\":\"0\"}', '{\"msg\":\"操作成功\",\"code\":200}', 0, NULL, '2025-11-01 13:55:07', 12);
INSERT INTO `sys_oper_log` (`oper_id`, `title`, `business_type`, `method`, `request_method`, `operator_type`, `oper_name`, `dept_name`, `oper_url`, `oper_ip`, `oper_location`, `oper_param`, `json_result`, `status`, `error_msg`, `oper_time`, `cost_time`) VALUES (157, '策略', 1, 'com.quantflow.trading.strategy.controller.StrategyController.add()', 'POST', 1, 'admin', '研发部门', '/trading/strategy', '127.0.0.1', '内网IP', '{\"accountId\":1,\"code\":\"111\",\"id\":1,\"name\":\"111\",\"params\":{},\"status\":0,\"symbol\":\"ETHUSDT\",\"userId\":1}', '{\"msg\":\"操作成功\",\"code\":200}', 0, NULL, '2025-11-01 14:05:37', 67);
INSERT INTO `sys_oper_log` (`oper_id`, `title`, `business_type`, `method`, `request_method`, `operator_type`, `oper_name`, `dept_name`, `oper_url`, `oper_ip`, `oper_location`, `oper_param`, `json_result`, `status`, `error_msg`, `oper_time`, `cost_time`) VALUES (158, '策略', 2, 'com.quantflow.trading.strategy.controller.StrategyController.edit()', 'PUT', 1, 'admin', '研发部门', '/trading/strategy', '127.0.0.1', '内网IP', '{\"accountId\":1,\"code\":\"111\",\"createBy\":\"\",\"createTime\":\"2025-11-01 10:05:37\",\"id\":1,\"interval\":\"5m\",\"name\":\"111\",\"params\":{},\"status\":0,\"symbol\":\"ETHUSDT\",\"updateBy\":\"\",\"updateTime\":\"2025-11-01 10:05:37\",\"userId\":1}', NULL, 1, '\n### Error updating database.  Cause: java.sql.SQLSyntaxErrorException: You have an error in your SQL syntax; check the manual that corresponds to your MySQL server version for the right syntax to use near \'interval = \'5m\',\n            \n            status = 0,\n            user_id = 1,\n \' at line 8\n### The error may exist in file [/Users/zhaoxu/ai/QuantFlow/quantflow-trading/target/classes/mapper/trading/StrategyMapper.xml]\n### The error may involve com.quantflow.trading.strategy.mapper.StrategyMapper.updateStrategy-Inline\n### The error occurred while setting parameters\n### SQL: update qf_strategy          SET name = ?,             code = ?,                                       account_id = ?,             symbol = ?,             interval = ?,                          status = ?,             user_id = ?,             create_by = ?,             create_time = ?,             update_by = ?,             update_time = ?          where id = ?\n### Cause: java.sql.SQLSyntaxErrorException: You have an error in your SQL syntax; check the manual that corresponds to your MySQL server version for the right syntax to use near \'interval = \'5m\',\n            \n            status = 0,\n            user_id = 1,\n \' at line 8\n; bad SQL grammar []', '2025-11-01 15:30:14', 138);
INSERT INTO `sys_oper_log` (`oper_id`, `title`, `business_type`, `method`, `request_method`, `operator_type`, `oper_name`, `dept_name`, `oper_url`, `oper_ip`, `oper_location`, `oper_param`, `json_result`, `status`, `error_msg`, `oper_time`, `cost_time`) VALUES (159, '策略', 2, 'com.quantflow.trading.strategy.controller.StrategyController.edit()', 'PUT', 1, 'admin', '研发部门', '/trading/strategy', '127.0.0.1', '内网IP', '{\"accountId\":1,\"code\":\"111\",\"createBy\":\"\",\"createTime\":\"2025-11-01 10:05:37\",\"id\":1,\"interval\":\"5m\",\"name\":\"111\",\"params\":{},\"status\":0,\"symbol\":\"ETHUSDT\",\"updateBy\":\"\",\"updateTime\":\"2025-11-01 10:05:37\",\"userId\":1}', '{\"msg\":\"操作成功\",\"code\":200}', 0, NULL, '2025-11-01 15:31:20', 36);
INSERT INTO `sys_oper_log` (`oper_id`, `title`, `business_type`, `method`, `request_method`, `operator_type`, `oper_name`, `dept_name`, `oper_url`, `oper_ip`, `oper_location`, `oper_param`, `json_result`, `status`, `error_msg`, `oper_time`, `cost_time`) VALUES (160, '策略', 2, 'com.quantflow.trading.strategy.controller.StrategyController.edit()', 'PUT', 1, 'admin', '研发部门', '/trading/strategy', '127.0.0.1', '内网IP', '{\"accountId\":1,\"code\":\"111\",\"createBy\":\"\",\"createTime\":\"2025-11-01 10:05:37\",\"id\":1,\"interval\":\"5m\",\"name\":\"111\",\"params\":{},\"status\":0,\"symbol\":\"ETHUSDT\",\"type\":\"MA_CROSS\",\"updateBy\":\"\",\"updateTime\":\"2025-11-01 10:05:37\",\"userId\":1}', '{\"msg\":\"操作成功\",\"code\":200}', 0, NULL, '2025-11-01 15:36:48', 13);
COMMIT;

-- ----------------------------
-- Table structure for sys_post
-- ----------------------------
DROP TABLE IF EXISTS `sys_post`;
CREATE TABLE `sys_post` (
  `post_id` bigint NOT NULL AUTO_INCREMENT COMMENT '岗位ID',
  `post_code` varchar(64) NOT NULL COMMENT '岗位编码',
  `post_name` varchar(50) NOT NULL COMMENT '岗位名称',
  `post_sort` int NOT NULL COMMENT '显示顺序',
  `status` char(1) NOT NULL COMMENT '状态（0正常 1停用）',
  `create_by` varchar(64) DEFAULT '' COMMENT '创建者',
  `create_time` datetime DEFAULT NULL COMMENT '创建时间',
  `update_by` varchar(64) DEFAULT '' COMMENT '更新者',
  `update_time` datetime DEFAULT NULL COMMENT '更新时间',
  `remark` varchar(500) DEFAULT NULL COMMENT '备注',
  PRIMARY KEY (`post_id`)
) ENGINE=InnoDB AUTO_INCREMENT=5 DEFAULT CHARSET=utf8mb4 COLLATE=utf8mb4_0900_ai_ci COMMENT='岗位信息表';

-- ----------------------------
-- Records of sys_post
-- ----------------------------
BEGIN;
INSERT INTO `sys_post` (`post_id`, `post_code`, `post_name`, `post_sort`, `status`, `create_by`, `create_time`, `update_by`, `update_time`, `remark`) VALUES (1, 'ceo', '董事长', 1, '0', 'admin', '2025-10-30 12:07:48', '', NULL, '');
INSERT INTO `sys_post` (`post_id`, `post_code`, `post_name`, `post_sort`, `status`, `create_by`, `create_time`, `update_by`, `update_time`, `remark`) VALUES (2, 'se', '项目经理', 2, '0', 'admin', '2025-10-30 12:07:48', '', NULL, '');
INSERT INTO `sys_post` (`post_id`, `post_code`, `post_name`, `post_sort`, `status`, `create_by`, `create_time`, `update_by`, `update_time`, `remark`) VALUES (3, 'hr', '人力资源', 3, '0', 'admin', '2025-10-30 12:07:48', '', NULL, '');
INSERT INTO `sys_post` (`post_id`, `post_code`, `post_name`, `post_sort`, `status`, `create_by`, `create_time`, `update_by`, `update_time`, `remark`) VALUES (4, 'user', '普通员工', 4, '0', 'admin', '2025-10-30 12:07:48', '', NULL, '');
COMMIT;

-- ----------------------------
-- Table structure for sys_role
-- ----------------------------
DROP TABLE IF EXISTS `sys_role`;
CREATE TABLE `sys_role` (
  `role_id` bigint NOT NULL AUTO_INCREMENT COMMENT '角色ID',
  `role_name` varchar(30) NOT NULL COMMENT '角色名称',
  `role_key` varchar(100) NOT NULL COMMENT '角色权限字符串',
  `role_sort` int NOT NULL COMMENT '显示顺序',
  `data_scope` char(1) DEFAULT '1' COMMENT '数据范围（1：全部数据权限 2：自定数据权限 3：本部门数据权限 4：本部门及以下数据权限）',
  `menu_check_strictly` tinyint(1) DEFAULT '1' COMMENT '菜单树选择项是否关联显示',
  `dept_check_strictly` tinyint(1) DEFAULT '1' COMMENT '部门树选择项是否关联显示',
  `status` char(1) NOT NULL COMMENT '角色状态（0正常 1停用）',
  `del_flag` char(1) DEFAULT '0' COMMENT '删除标志（0代表存在 2代表删除）',
  `create_by` varchar(64) DEFAULT '' COMMENT '创建者',
  `create_time` datetime DEFAULT NULL COMMENT '创建时间',
  `update_by` varchar(64) DEFAULT '' COMMENT '更新者',
  `update_time` datetime DEFAULT NULL COMMENT '更新时间',
  `remark` varchar(500) DEFAULT NULL COMMENT '备注',
  PRIMARY KEY (`role_id`)
) ENGINE=InnoDB AUTO_INCREMENT=100 DEFAULT CHARSET=utf8mb4 COLLATE=utf8mb4_0900_ai_ci COMMENT='角色信息表';

-- ----------------------------
-- Records of sys_role
-- ----------------------------
BEGIN;
INSERT INTO `sys_role` (`role_id`, `role_name`, `role_key`, `role_sort`, `data_scope`, `menu_check_strictly`, `dept_check_strictly`, `status`, `del_flag`, `create_by`, `create_time`, `update_by`, `update_time`, `remark`) VALUES (1, '超级管理员', 'admin', 1, '1', 1, 1, '0', '0', 'admin', '2025-10-30 12:07:48', '', NULL, '超级管理员');
INSERT INTO `sys_role` (`role_id`, `role_name`, `role_key`, `role_sort`, `data_scope`, `menu_check_strictly`, `dept_check_strictly`, `status`, `del_flag`, `create_by`, `create_time`, `update_by`, `update_time`, `remark`) VALUES (2, '普通角色', 'common', 2, '2', 1, 1, '0', '0', 'admin', '2025-10-30 12:07:48', '', NULL, '普通角色');
COMMIT;

-- ----------------------------
-- Table structure for sys_role_dept
-- ----------------------------
DROP TABLE IF EXISTS `sys_role_dept`;
CREATE TABLE `sys_role_dept` (
  `role_id` bigint NOT NULL COMMENT '角色ID',
  `dept_id` bigint NOT NULL COMMENT '部门ID',
  PRIMARY KEY (`role_id`,`dept_id`)
) ENGINE=InnoDB DEFAULT CHARSET=utf8mb4 COLLATE=utf8mb4_0900_ai_ci COMMENT='角色和部门关联表';

-- ----------------------------
-- Records of sys_role_dept
-- ----------------------------
BEGIN;
INSERT INTO `sys_role_dept` (`role_id`, `dept_id`) VALUES (2, 100);
INSERT INTO `sys_role_dept` (`role_id`, `dept_id`) VALUES (2, 101);
INSERT INTO `sys_role_dept` (`role_id`, `dept_id`) VALUES (2, 105);
COMMIT;

-- ----------------------------
-- Table structure for sys_role_menu
-- ----------------------------
DROP TABLE IF EXISTS `sys_role_menu`;
CREATE TABLE `sys_role_menu` (
  `role_id` bigint NOT NULL COMMENT '角色ID',
  `menu_id` bigint NOT NULL COMMENT '菜单ID',
  PRIMARY KEY (`role_id`,`menu_id`)
) ENGINE=InnoDB DEFAULT CHARSET=utf8mb4 COLLATE=utf8mb4_0900_ai_ci COMMENT='角色和菜单关联表';

-- ----------------------------
-- Records of sys_role_menu
-- ----------------------------
BEGIN;
INSERT INTO `sys_role_menu` (`role_id`, `menu_id`) VALUES (2, 1);
INSERT INTO `sys_role_menu` (`role_id`, `menu_id`) VALUES (2, 2);
INSERT INTO `sys_role_menu` (`role_id`, `menu_id`) VALUES (2, 3);
INSERT INTO `sys_role_menu` (`role_id`, `menu_id`) VALUES (2, 4);
INSERT INTO `sys_role_menu` (`role_id`, `menu_id`) VALUES (2, 100);
INSERT INTO `sys_role_menu` (`role_id`, `menu_id`) VALUES (2, 101);
INSERT INTO `sys_role_menu` (`role_id`, `menu_id`) VALUES (2, 102);
INSERT INTO `sys_role_menu` (`role_id`, `menu_id`) VALUES (2, 103);
INSERT INTO `sys_role_menu` (`role_id`, `menu_id`) VALUES (2, 104);
INSERT INTO `sys_role_menu` (`role_id`, `menu_id`) VALUES (2, 105);
INSERT INTO `sys_role_menu` (`role_id`, `menu_id`) VALUES (2, 106);
INSERT INTO `sys_role_menu` (`role_id`, `menu_id`) VALUES (2, 107);
INSERT INTO `sys_role_menu` (`role_id`, `menu_id`) VALUES (2, 108);
INSERT INTO `sys_role_menu` (`role_id`, `menu_id`) VALUES (2, 109);
INSERT INTO `sys_role_menu` (`role_id`, `menu_id`) VALUES (2, 110);
INSERT INTO `sys_role_menu` (`role_id`, `menu_id`) VALUES (2, 111);
INSERT INTO `sys_role_menu` (`role_id`, `menu_id`) VALUES (2, 112);
INSERT INTO `sys_role_menu` (`role_id`, `menu_id`) VALUES (2, 113);
INSERT INTO `sys_role_menu` (`role_id`, `menu_id`) VALUES (2, 114);
INSERT INTO `sys_role_menu` (`role_id`, `menu_id`) VALUES (2, 115);
INSERT INTO `sys_role_menu` (`role_id`, `menu_id`) VALUES (2, 116);
INSERT INTO `sys_role_menu` (`role_id`, `menu_id`) VALUES (2, 117);
INSERT INTO `sys_role_menu` (`role_id`, `menu_id`) VALUES (2, 500);
INSERT INTO `sys_role_menu` (`role_id`, `menu_id`) VALUES (2, 501);
INSERT INTO `sys_role_menu` (`role_id`, `menu_id`) VALUES (2, 1000);
INSERT INTO `sys_role_menu` (`role_id`, `menu_id`) VALUES (2, 1001);
INSERT INTO `sys_role_menu` (`role_id`, `menu_id`) VALUES (2, 1002);
INSERT INTO `sys_role_menu` (`role_id`, `menu_id`) VALUES (2, 1003);
INSERT INTO `sys_role_menu` (`role_id`, `menu_id`) VALUES (2, 1004);
INSERT INTO `sys_role_menu` (`role_id`, `menu_id`) VALUES (2, 1005);
INSERT INTO `sys_role_menu` (`role_id`, `menu_id`) VALUES (2, 1006);
INSERT INTO `sys_role_menu` (`role_id`, `menu_id`) VALUES (2, 1007);
INSERT INTO `sys_role_menu` (`role_id`, `menu_id`) VALUES (2, 1008);
INSERT INTO `sys_role_menu` (`role_id`, `menu_id`) VALUES (2, 1009);
INSERT INTO `sys_role_menu` (`role_id`, `menu_id`) VALUES (2, 1010);
INSERT INTO `sys_role_menu` (`role_id`, `menu_id`) VALUES (2, 1011);
INSERT INTO `sys_role_menu` (`role_id`, `menu_id`) VALUES (2, 1012);
INSERT INTO `sys_role_menu` (`role_id`, `menu_id`) VALUES (2, 1013);
INSERT INTO `sys_role_menu` (`role_id`, `menu_id`) VALUES (2, 1014);
INSERT INTO `sys_role_menu` (`role_id`, `menu_id`) VALUES (2, 1015);
INSERT INTO `sys_role_menu` (`role_id`, `menu_id`) VALUES (2, 1016);
INSERT INTO `sys_role_menu` (`role_id`, `menu_id`) VALUES (2, 1017);
INSERT INTO `sys_role_menu` (`role_id`, `menu_id`) VALUES (2, 1018);
INSERT INTO `sys_role_menu` (`role_id`, `menu_id`) VALUES (2, 1019);
INSERT INTO `sys_role_menu` (`role_id`, `menu_id`) VALUES (2, 1020);
INSERT INTO `sys_role_menu` (`role_id`, `menu_id`) VALUES (2, 1021);
INSERT INTO `sys_role_menu` (`role_id`, `menu_id`) VALUES (2, 1022);
INSERT INTO `sys_role_menu` (`role_id`, `menu_id`) VALUES (2, 1023);
INSERT INTO `sys_role_menu` (`role_id`, `menu_id`) VALUES (2, 1024);
INSERT INTO `sys_role_menu` (`role_id`, `menu_id`) VALUES (2, 1025);
INSERT INTO `sys_role_menu` (`role_id`, `menu_id`) VALUES (2, 1026);
INSERT INTO `sys_role_menu` (`role_id`, `menu_id`) VALUES (2, 1027);
INSERT INTO `sys_role_menu` (`role_id`, `menu_id`) VALUES (2, 1028);
INSERT INTO `sys_role_menu` (`role_id`, `menu_id`) VALUES (2, 1029);
INSERT INTO `sys_role_menu` (`role_id`, `menu_id`) VALUES (2, 1030);
INSERT INTO `sys_role_menu` (`role_id`, `menu_id`) VALUES (2, 1031);
INSERT INTO `sys_role_menu` (`role_id`, `menu_id`) VALUES (2, 1032);
INSERT INTO `sys_role_menu` (`role_id`, `menu_id`) VALUES (2, 1033);
INSERT INTO `sys_role_menu` (`role_id`, `menu_id`) VALUES (2, 1034);
INSERT INTO `sys_role_menu` (`role_id`, `menu_id`) VALUES (2, 1035);
INSERT INTO `sys_role_menu` (`role_id`, `menu_id`) VALUES (2, 1036);
INSERT INTO `sys_role_menu` (`role_id`, `menu_id`) VALUES (2, 1037);
INSERT INTO `sys_role_menu` (`role_id`, `menu_id`) VALUES (2, 1038);
INSERT INTO `sys_role_menu` (`role_id`, `menu_id`) VALUES (2, 1039);
INSERT INTO `sys_role_menu` (`role_id`, `menu_id`) VALUES (2, 1040);
INSERT INTO `sys_role_menu` (`role_id`, `menu_id`) VALUES (2, 1041);
INSERT INTO `sys_role_menu` (`role_id`, `menu_id`) VALUES (2, 1042);
INSERT INTO `sys_role_menu` (`role_id`, `menu_id`) VALUES (2, 1043);
INSERT INTO `sys_role_menu` (`role_id`, `menu_id`) VALUES (2, 1044);
INSERT INTO `sys_role_menu` (`role_id`, `menu_id`) VALUES (2, 1045);
INSERT INTO `sys_role_menu` (`role_id`, `menu_id`) VALUES (2, 1046);
INSERT INTO `sys_role_menu` (`role_id`, `menu_id`) VALUES (2, 1047);
INSERT INTO `sys_role_menu` (`role_id`, `menu_id`) VALUES (2, 1048);
INSERT INTO `sys_role_menu` (`role_id`, `menu_id`) VALUES (2, 1049);
INSERT INTO `sys_role_menu` (`role_id`, `menu_id`) VALUES (2, 1050);
INSERT INTO `sys_role_menu` (`role_id`, `menu_id`) VALUES (2, 1051);
INSERT INTO `sys_role_menu` (`role_id`, `menu_id`) VALUES (2, 1052);
INSERT INTO `sys_role_menu` (`role_id`, `menu_id`) VALUES (2, 1053);
INSERT INTO `sys_role_menu` (`role_id`, `menu_id`) VALUES (2, 1054);
INSERT INTO `sys_role_menu` (`role_id`, `menu_id`) VALUES (2, 1055);
INSERT INTO `sys_role_menu` (`role_id`, `menu_id`) VALUES (2, 1056);
INSERT INTO `sys_role_menu` (`role_id`, `menu_id`) VALUES (2, 1057);
INSERT INTO `sys_role_menu` (`role_id`, `menu_id`) VALUES (2, 1058);
INSERT INTO `sys_role_menu` (`role_id`, `menu_id`) VALUES (2, 1059);
INSERT INTO `sys_role_menu` (`role_id`, `menu_id`) VALUES (2, 1060);
COMMIT;

-- ----------------------------
-- Table structure for sys_user
-- ----------------------------
DROP TABLE IF EXISTS `sys_user`;
CREATE TABLE `sys_user` (
  `user_id` bigint NOT NULL AUTO_INCREMENT COMMENT '用户ID',
  `dept_id` bigint DEFAULT NULL COMMENT '部门ID',
  `user_name` varchar(30) NOT NULL COMMENT '用户账号',
  `nick_name` varchar(30) NOT NULL COMMENT '用户昵称',
  `user_type` varchar(2) DEFAULT '00' COMMENT '用户类型（00系统用户）',
  `email` varchar(50) DEFAULT '' COMMENT '用户邮箱',
  `phonenumber` varchar(11) DEFAULT '' COMMENT '手机号码',
  `sex` char(1) DEFAULT '0' COMMENT '用户性别（0男 1女 2未知）',
  `avatar` varchar(100) DEFAULT '' COMMENT '头像地址',
  `password` varchar(100) DEFAULT '' COMMENT '密码',
  `status` char(1) DEFAULT '0' COMMENT '账号状态（0正常 1停用）',
  `del_flag` char(1) DEFAULT '0' COMMENT '删除标志（0代表存在 2代表删除）',
  `login_ip` varchar(128) DEFAULT '' COMMENT '最后登录IP',
  `login_date` datetime DEFAULT NULL COMMENT '最后登录时间',
  `pwd_update_date` datetime DEFAULT NULL COMMENT '密码最后更新时间',
  `create_by` varchar(64) DEFAULT '' COMMENT '创建者',
  `create_time` datetime DEFAULT NULL COMMENT '创建时间',
  `update_by` varchar(64) DEFAULT '' COMMENT '更新者',
  `update_time` datetime DEFAULT NULL COMMENT '更新时间',
  `remark` varchar(500) DEFAULT NULL COMMENT '备注',
  PRIMARY KEY (`user_id`)
) ENGINE=InnoDB AUTO_INCREMENT=100 DEFAULT CHARSET=utf8mb4 COLLATE=utf8mb4_0900_ai_ci COMMENT='用户信息表';

-- ----------------------------
-- Records of sys_user
-- ----------------------------
BEGIN;
INSERT INTO `sys_user` (`user_id`, `dept_id`, `user_name`, `nick_name`, `user_type`, `email`, `phonenumber`, `sex`, `avatar`, `password`, `status`, `del_flag`, `login_ip`, `login_date`, `pwd_update_date`, `create_by`, `create_time`, `update_by`, `update_time`, `remark`) VALUES (1, 103, 'admin', '若依', '00', 'ry@163.com', '15888888888', '1', '', '$2a$10$7JB720yubVSZvUI0rEqK/.VqGOZTH.ulu33dHOiBE8ByOhJIrdAu2', '0', '0', '127.0.0.1', '2025-11-01 23:25:36', '2025-10-30 12:07:48', 'admin', '2025-10-30 12:07:48', '', NULL, '管理员');
INSERT INTO `sys_user` (`user_id`, `dept_id`, `user_name`, `nick_name`, `user_type`, `email`, `phonenumber`, `sex`, `avatar`, `password`, `status`, `del_flag`, `login_ip`, `login_date`, `pwd_update_date`, `create_by`, `create_time`, `update_by`, `update_time`, `remark`) VALUES (2, 105, 'ry', '若依', '00', 'ry@qq.com', '15666666666', '1', '', '$2a$10$7JB720yubVSZvUI0rEqK/.VqGOZTH.ulu33dHOiBE8ByOhJIrdAu2', '0', '0', '127.0.0.1', '2025-10-30 12:07:48', '2025-10-30 12:07:48', 'admin', '2025-10-30 12:07:48', '', NULL, '测试员');
COMMIT;

-- ----------------------------
-- Table structure for sys_user_post
-- ----------------------------
DROP TABLE IF EXISTS `sys_user_post`;
CREATE TABLE `sys_user_post` (
  `user_id` bigint NOT NULL COMMENT '用户ID',
  `post_id` bigint NOT NULL COMMENT '岗位ID',
  PRIMARY KEY (`user_id`,`post_id`)
) ENGINE=InnoDB DEFAULT CHARSET=utf8mb4 COLLATE=utf8mb4_0900_ai_ci COMMENT='用户与岗位关联表';

-- ----------------------------
-- Records of sys_user_post
-- ----------------------------
BEGIN;
INSERT INTO `sys_user_post` (`user_id`, `post_id`) VALUES (1, 1);
INSERT INTO `sys_user_post` (`user_id`, `post_id`) VALUES (2, 2);
COMMIT;

-- ----------------------------
-- Table structure for sys_user_role
-- ----------------------------
DROP TABLE IF EXISTS `sys_user_role`;
CREATE TABLE `sys_user_role` (
  `user_id` bigint NOT NULL COMMENT '用户ID',
  `role_id` bigint NOT NULL COMMENT '角色ID',
  PRIMARY KEY (`user_id`,`role_id`)
) ENGINE=InnoDB DEFAULT CHARSET=utf8mb4 COLLATE=utf8mb4_0900_ai_ci COMMENT='用户和角色关联表';

-- ----------------------------
-- Records of sys_user_role
-- ----------------------------
BEGIN;
INSERT INTO `sys_user_role` (`user_id`, `role_id`) VALUES (1, 1);
INSERT INTO `sys_user_role` (`user_id`, `role_id`) VALUES (2, 2);
COMMIT;

SET FOREIGN_KEY_CHECKS = 1;
